Sgnyea,Prvcnm_id,a0101,a0102,a0103,a0104,a0105,a0106,a0107,a0108,a0109,a0110,a0111,a0112,a0113,a0114,a0115
年度标识,区块编号,AQI,PM2.5,PM_2.5_24h,PM10,PM10_24h,SO2,SO2_24h,NO2,NO2_24h,O3,O3_24h,O3_8h,O3_8h_24h,CO,CO_24h
140601,1223A,50.153846,34.923077,33,49.307692,67,3.076923,19,26.230769,33,42.551724,113,79,100,0.877731,0.883
140601,1224A,25,17,23,19,39,2,4,26,25,37,101,66,98,0.937,0.907
140601,1225A,24,4,18,8,31,4,5,47,45,44,81,57,73,0.381,0.373
140601,1226A,36,25,28,29,44,30,31,36,31,54,113,76,105,0.483,0.456
140601,1227A,30,21,23,24,40,4,6,23,21,32,107,53,97,0.881,0.882
140601,1228A,32,22,22,26,56,5,22,18,27,51,86,44,69,0.933,0.607
140601,1229A,40.769231,28.384615,27,31.615385,47,5.269231,17,32.307692,37,45.5,106,76,100,0.7685,0.725
140601,1230A,35,24,27,30,54,6,17,38,44,73,100,80,94,0.836,0.813
140601,1231A,53,37,38,38.666667,52,11,23,59,47,25,98,53,90,0.549,0.516
140601,1232A,19,12,29,27.076923,55,2,38,6,25,59,91,69,82,0.618,0.686
140601,1233A,44,22,24,44,69,5,8,40,36,9,84,40,73,0.818,0.782
140602,1223A,72,52,35,82,73,4,4,64,47,2,66,9,69,1.24,1.031
140602,1224A,54,26,22,58,39,3,3,44,36,11,49,15,60,1.153,1.001
140602,1225A,35,24,15,19,20,4,4,44,44,57,100,68,73,0.38,0.421
140602,1226A,87,64,37,77,73,3,18,68,49,30,81,28,71,0.947,0.63
140602,1227A,31,15,20,31,35,4,4,16,23,15,37,10,45,0.925,0.945
140602,1228A,60,43,32,70,54,4,6,56,42,2,34,3,36,1.036,0.858
140602,1229A,32,19.222222,19,24,51,2,4,64,59,2,50,5,68,1.231,1.002
140602,1230A,68,40,32,85,78,4,7,58,60,20,70,31,76,1.183,1.047
140602,1231A,73,81.333333,40,95,67,6,10,90,60,2,58,9,46,1.174,0.722
140602,1232A,72,52,28,73,68,5,4,55,37,2,67,7,65,1.185,0.972
140602,1233A,54,15,20,57,52,4,6,15,28,18,32,15,34,0.902,0.917
140603,1223A,52,33,37,53,66,2,2,12,18,107,171,114,152,0.674,0.826
140603,1224A,48,33,34,41,49,3,3,12,16,98,137,113,132,0.595,0.754
140603,1225A,40,28,24,32,38,5,4,27,32,118,159,136,145,0.288,0.341
140603,1226A,53,37,47,83.571429,69,8,5,14,18,94,161,108,148,0.38,0.617
140603,1227A,59,42,37,43,47,4,5,11,9,82,141,101,128,0.734,0.889
140603,1228A,44,30,38,44,61,5,4,8,16,2,89,3,75,0.457,0.624
140603,1229A,39,43.090909,34,39,39,2,2,12,23,104,147,108,137,0.555,0.784
140603,1230A,50,35,41,41,58,4,6,22,24,96,133,107,128,0.708,0.899
140603,1231A,40,28,42,36,62,8,9,14,22,92,128,94,123,0.339,0.487
140603,1232A,47,27,38,47,66,3,2,2,10,99,153,102,136,0.507,0.756
140603,1233A,45,27,26,45,46,5,5,15,12,74,126,91,115,0.617,0.769
140604,1223A,70,51,44,69,78,5,6,24,24,121,164,143,152,0.821,0.797
140604,1224A,70,51,43,67,69,3,6,30,21,41,155,111,143,1.043,0.875
140604,1225A,68,49,37,62,53,7,6,31,30,109,159,133,153,0.444,0.352
140604,1226A,83,61,47,85,76,11,11,36,22,99,156,126,141,0.545,0.577
140604,1227A,64,46,41,61,61,6,7,12,13,94,140,108,124,0.83,0.831
140604,1228A,70,51,43,76,69,7,6,26,19,2,92,16,44,0.68,0.612
140604,1229A,79,58,78,77,55,5,5,44,25,93,159,128,141,0.766,0.704
140604,1230A,79,58,47,86,67,7,10,44,29,96,150,123,137,1.093,0.942
140604,1231A,79,58,41,76,64,16,15,30,26,104,143,121,129,0.707,0.595
140604,1232A,67,45,40,84,76,7,8,16,17,109,142,120,127,0.701,0.655
140604,1233A,54,34,34,58,64,4,8,44,26,30,127,92,116,0.796,0.771
140605,1223A,110,83,68,139,122,11,25,65,46,99,211,154,182,0.902,0.82
140605,1224A,103,77,62,112,102,3,7,43,37,14,178,110,166,1.135,0.91
140605,1225A,64,46,47,71,71,7,7,36,30,90,171,120,161,0.372,0.388
140605,1226A,125,102.8,71,199,114,82,19,92,42,64,179,119,173,0.839,0.735
140605,1227A,92,68,54,109,87,6,16,14,11,107,161,130,151,0.718,0.815
140605,1228A,124,94,56,160,109,13,9,76,30,33,131,37,67,1.222,0.804
140605,1229A,130,99,68,143,104,10,8,57,41,114,182,155,171,1.037,0.863
140605,1230A,144,110,73,179,117,12,14,102,46,64,158,129,148,1.505,1.164
140605,1231A,162,123,78,151,107,36,23,49,39,102,166,131,156,1.074,0.805
140605,1232A,113,84,65,176,125,16,15,64,33,74,163,121,155,1.154,0.863
140605,1233A,77,56,45,88,86,4,8,49,34,44,145,81,135,0.79,0.789
140606,1223A,110,83,93,113,142,22,17,53,54,3,247,117,196,0.938,0.97
140606,1224A,123,93,84,154,133,4,9,54,52,74,275,146,232,1.105,1.09
140606,1225A,75,55,49,84,77,7,8,34,26,101,197,140,186,0.483,0.445
140606,1226A,75,55,92,62,145,15,44,44,53,84,266,158,224,0.456,0.764
140606,1227A,117,88,77,108,119,5,11,29,21,53,212,116,191,0.86,0.904
140606,1228A,77,56,82,82,154,15,15,40,48,16,183,54,145,0.67,1.015
140606,1229A,104,78,91,130,146,11,14,47,55,76,260,160,225,0.841,1.108
140606,1230A,102,76,94,79,139,13,20,42,53,94,224,134,190,0.982,1.246
140606,1231A,67,48,102,72.571429,150,8,26,26,50,89,218,140,186,0.526,0.941
140606,1232A,75,55,91,88,166,35,26,47,47,53,234,137,209,0.696,0.976
140606,1233A,97,72,72,118,128,7,12,58,47,31,228,97,194,0.809,0.916
140607,1223A,99.5,74.5,86,134.5,138,20,24.5,58,57,68.5,323,138,255,0.786,0.89
140607,1224A,83.5,57.5,79,109,122,7,9,44,53.5,60.5,297,143.5,249,0.886,1.0345
140607,1225A,103.5,77.5,71.5,117.5,109,7,10,27,17.5,126.5,275,189.5,256,0.5515,0.5895
140607,1226A,86.5,64,78.5,88,112,12,21,35.5,51,99,250,141.5,218,0.424,0.574
140607,1227A,70.5,50,73.5,81.5,112,5.5,12,25.5,31,51,263,113,224,0.7615,0.8795
140607,1228A,79,46,62.5,107,124,9,20.5,26,38.5,7,178,18.5,134,0.6145,0.7395
140607,1229A,92.5,68.5,76,111,124.5,9.5,15.5,47,53,82.5,296,136.5,255,0.904,0.9895
140607,1230A,90.5,66.5,76,108,121.5,16,22,43,58,92,241,124,213,1.0535,1.211
140607,1231A,94,70,83,76.4,82.5,9.5,15,33,36,86.5,234,129.5,205,0.5675,0.677
140607,1232A,91,64,76,130,147.5,32,59.5,57.5,57,59,265,110,202,1.016,0.9015
140607,1233A,59,37,74.5,67.5,130.5,10,17.5,63,46.5,14.5,287,105.5,234,0.871,0.889
140608,1223A,135,103,96,138,159,17,20,44,51,101,382,207,300,0.892,1.068
140608,1224A,130,99,88,141.5,145,10,13,54,50,92,287,174,256,1.074,1.043
140608,1225A,94,70,75,99,115,8,9,24,21,137,223,145,202,0.563,0.604
140608,1226A,107,80,104,139,138,17,23,48,42,72,299,182,273,0.445,0.656
140608,1227A,105,79,77,109,130,6,10,20,27,86,274,139,219,0.869,0.912
140608,1228A,113,85,88,160,171,13,22,44,44,2,212,34,133,0.663,1.223
140608,1229A,137,104,101,163,175,12,18,54,55,89,331,195,282,1.001,1.411
140608,1230A,142,108,97,180,160,22,25,47,51,125,267,182,237,1.241,1.246
140608,1231A,124,94,108,104.25,127,13,19,34,39,83,268,169,245,0.71,0.832
140608,1232A,117,88,85,171,159,31,27,66,45,58,288,159,248,1.085,1.068
140608,1233A,100,67,75,149,164,6,14,57,49,26,279,115,234,0.95,1.013
140609,1223A,62,44,70,61,135,14,15,26,42,48,250,95,173,0.771,0.888
140609,1224A,62,44,79,59,130,5,9,27,45,62,203,110,169,0.624,0.953
140609,1225A,92,68,89,118,137,12,15,10,17,186,192,186,192,0.571,0.672
140609,1226A,59,42,67,66.875,103,15,9,26,37,49,179,100,153,0.418,0.567
140609,1227A,45,31,67,45,103,4,8,15,24,33,194,91,143,0.573,0.841
140609,1228A,57,32,57,63,107,9,15,29,35,15,154,21,88,0.503,0.634
140609,1229A,62,44,68,77,112,9,14,25,40,54,220,107,179,0.772,1.005
140609,1230A,59,42,75,48.875,130,13,19,36,44,74,174,115,164,0.974,1.208
140609,1231A,54,38,70,47,70,10,14,28,36,50,168,92,147,0.558,0.719
140609,1232A,60,41,62,70,114,26,24,39,42,32,200,88,155,0.9,1.032
140609,1233A,43,25,62,43,131,8,12,31,39,34,198,94,158,0.668,0.895
140610,1223A,50,35,47,47,93,13,17,29,27,24,182,72,140,0.663,0.661
140610,1224A,34,13,50,34,79,6,12,32,34,40,213,92,165,0.631,0.777
140610,1225A,85,59,55,120,95,16,12,2,18,184.333333,206,186,186,0.494,0.482
140610,1226A,43,30,43,30.666667,66,10,11,21,19,37,189,75,151,0.334,0.341
140610,1227A,42,29,50,40,82,7,13,20,20,28,210,77,160,0.547,0.698
140610,1228A,46,22,38,46,85,9,15,22,21,4,82,5,47,0.409,0.473
140610,1229A,43,30,45,33.428571,72,7,12,20,27,38,216,77,169,0.617,0.684
140610,1230A,45,31,50,37.6,74,10,15,34,35,51,196,91,159,0.965,1.035
140610,1231A,39,27,51,33,59,7,11,22,25,42,168,75,140,0.524,0.584
140610,1232A,46,30,43,46,82,22,36,28,27,21,192,63,146,0.722,0.783
140610,1233A,42,26,41,42,87,13,18,26,27,29,206,80,158,0.633,0.683
140611,1223A,55.5,34,34,59.5,71,17,12.5,19.5,21.5,42.5,133,71.5,102,0.5395,0.606
140611,1224A,52.5,36.5,36,48.75,44.5,9,8,30,32,39.5,114,78,103,0.6055,0.654
140611,1225A,107.394366,45.28169,45.5,69.422535,77,7.56338,10.5,19.535211,29,214.676056,207,207.203125,207,0.353507,0.3885
140611,1226A,52.5,37,31,44.25,40.5,10,9,28,19.5,41.5,112,66.5,89,0.298,0.318
140611,1227A,39.5,27.5,31,32.5,49.5,5.5,7,19,18,23,108,59.5,92,0.491,0.5255
140611,1228A,48.5,27,28,48,61,6.5,7,21.5,18,18.5,49,7,35,0.4285,0.4585
140611,1229A,45,31.5,33,47.25,38.5,7,7,18,21,48,127,80,107,0.5455,0.613
140611,1230A,54.5,31.5,35,58,54.5,10.5,10,35.5,36.5,63,124,90,114,0.949,0.973
140611,1231A,44,28.5,35,39,46,7.5,9.5,28,27,43.5,116,66,93,0.459,0.546
140611,1232A,53.5,33.5,31.5,51.666667,60.5,45.5,26.5,25,22.5,32.5,107,53.5,78,0.5735,0.654
140611,1233A,55.5,39,34.5,35.666667,54,18.5,13,28.5,26,20,116,62,95,0.6905,0.6335
140612,1223A,91,65,57,132,116,61,25,72,35,34,260,135,208,0.608,0.586
140612,1224A,93,69,65,99,96,27,13,60,41,42,217,133,173,0.815,0.746
140612,1225A,120.577465,58.126761,48.125,88.690141,73.6875,9.253521,7.9375,15.140845,18.5625,240.704225,220.4375,236.078125,209.756098,0.535028,0.393687
140612,1226A,64,46,52,70,85,21,16,59,36,36,213,111,176,0.536,0.402
140612,1227A,73,53,51,82,80,14,8,38,23,43,208,109,160,0.676,0.573
140612,1228A,76,51,53,102,94,11,9,60,25,2,94,2,59,0.662,0.522
140612,1229A,78,57,57,90,111,23,30,67,32,8,208,104,166,0.528,0.569
140612,1230A,79,58,58,96,95,44,19,69,41,74,199,136,162,0.704,0.883
140612,1231A,62,44,56,66,75,10,16,43,39,51,198,112,155,0.603,0.6
140612,1232A,88,63,52,126,95,83,43,68,34,38,200,108,168,0.92,0.656
140612,1233A,72,52,44,77,88,8,9,54,33,13,213,91,170,0.896,0.775
140613,1223A,140,107,91,166.5,182,28,36,40,57,77,265,197,249,0.548,0.74
140613,1224A,138,105,95,158,138,11,17,81,55,88,243,158,216,0.845,0.918
140613,1225A,133.760563,70.971831,67.125,107.957746,102.1875,10.943662,10.4375,10.746479,12.0625,266.732394,258.9375,264.953125,254.829268,0.716549,0.662187
140613,1226A,82,60,81,93.285714,127,15,35,35,48,68,230,163,216,0.358,0.593
140613,1227A,129,98,83,165,135,7,18,36,43,67,192,155,169,0.984,1.038
140613,1228A,80,59,77,83,150,16,22,18,42,7,108,13,67,0.646,0.855
140613,1229A,103,77,90,138,161,9,21,42,61,73,249,173,225,0.459,0.823
140613,1230A,114,86,92,212.75,146,11,35,40,67,96,192,154,175,0.759,1.236
140613,1231A,73,53,83,76.666667,107,9,18,29,45,68,230,167,212,0.611,0.83
140613,1232A,98,73,84,75,162,27,48,27,50,67,208,152,199,0.702,0.957
140613,1233A,117,88,74,151,138,10,19,55,51,74,217,131,187,1.176,1.145
140614,1223A,128,97,79,164,147,32,28,89,48,85,304,153,260,1.06,0.721
140614,1224A,102,76,77,109,105,6,12,82,45,6,275,104,237,0.819,0.64
140614,1225A,70,51,59,84,102,9,10,37,24,168,283,209,283,0.484,0.581
140614,1226A,120,91,76,143,118,81,30,109,44,79,269,159,240,0.792,0.625
140614,1227A,100,75,63,108,105,17,12,26,25,118,269,134,223,0.806,0.751
140614,1228A,134,102,66,202,134,19,11,109,36,2,190,9,72,1.219,0.689
140614,1229A,133,99,72,216,126,30,16,153,67,19,282,101,235,1.22,0.712
140614,1230A,130,99,77,181,132,23,18,147,62,33,235,103,206,1.826,1.069
140614,1231A,165,125,86,173,128,41,18,103,56,67,241,142,222,1.186,0.982
140614,1232A,122,72,66,194,144,36,41,67,38,72,248,133,223,1.354,0.949
140614,1233A,85,63,64,118,117,15,15,63,39,54,294,102,229,1.063,1.017
140615,1223A,210,160,116,291,212,73,43,97,55,66,349,218,300,1.139,0.897
140615,1224A,182,137,109,184,141,17,15,54,62,101,300,209,271,1.101,0.872
140615,1225A,62,44,57,69,97,9,12,43,31,147,261,179,254,0.418,0.452
140615,1226A,209,159,109,279,174,45,35,75,52,69,304,197,286,0.904,0.799
140615,1227A,137,104,86,167,140,25,15,40,29,104,277,192,256,1.077,0.859
140615,1228A,205,155,104,231,192,50,13,70,19,2,168,9,65,0.832,0.685
140615,1229A,227,177,114,252,182,47,20,78,70,85,320,211,292,1.109,0.884
140615,1230A,215,165,115,225,193,61,26,64,66,103,278,193,254,1.441,1.201
140615,1231A,152,116,105,166,163,23,28,65,64,96,279,198,258,1.143,1.093
140615,1232A,169,128,88,264,194,175,47,93,44,70,266,176,263,1.518,1.242
140615,1233A,124,94,83,157,159,16,18,81,55,42,276,169,249,1.426,1.148
140616,1223A,49,34,97,40,142,10,37,30,60,46,264,126,232,0.443,0.794
140616,1224A,48,26,88,48,124,8,14,32,54,57,242,125,210,0.389,0.732
140616,1225A,70.395062,51.111111,58,73.950617,85,12.777778,14,43.950617,40,144.419753,164,147.794521,167,0.52637,0.465
140616,1226A,42,29,84,38.375,144,12,31,26,43,45,208,110,182,0.382,0.629
140616,1227A,40,19,80,40,136,5,18,25,41,38,232,97,198,0.556,0.885
140616,1228A,43,20,81,43,156,7,29,21,35,9,63,10,32,0.15,0.685
140616,1229A,39,25,90,39,152,7,19,32,56,46,232,110,203,0.475,0.774
140616,1230A,61,25,91,71,167,10,25,36,56,71,199,104,190,0.789,1.172
140616,1231A,36,24,73,36,93,10,17,32,43,46,187,103,170,0.652,0.87
140616,1232A,56.25,52.190476,95,63.75,189,40.5625,67,25.75,63,106,206,143,181,0.901625,1.197
140616,1233A,58,16,76,66,135,8,20,36,45,34,240,116,208,0.838,1.146
140617,1223A,45,31,53,81.8,123,3,24,49,43,9,252,86,184,1.299,0.737
140617,1224A,32,22,49,28,95,8,11,45,45,28,212,89,161,0.803,0.762
140617,1225A,56.469136,40.444444,52.561404,54.691358,74.438596,10.111111,11.842105,48.691358,45.964912,128.123457,138.052632,129.383562,142.44,0.586815,0.569246
140617,1226A,68,49,40,79,76,2,4,33,25,22,178,90,144,0.354,0.434
140617,1227A,26,18,40,30.166667,76,3,8,28,28,17,207,72,161,0.74,0.697
140617,1228A,50,35,39,39,83,3,14,16,23,2,131,2,64,1.428,0.394
140617,1229A,59,42,42,87.727273,85,2,5,65,42,2,208,70,159,1.315,0.683
140617,1230A,34,20,38,34,94,4,15,62,44,52,211,103,176,0.912,0.948
140617,1231A,67,48,41,64.7,50,7,8,39,29,26,172,69,131,0.768,0.724
140617,1232A,53,26,56,56,115,7,42,32,42,24,212,65,154,0.67,0.778
140617,1233A,14,5,43,5,106,2,11,28,34,27,256,86,185,0.538,0.827
140618,1223A,77,56,53,72,82,6,8,46,56,19,81,46,63,1.488,1.504
140618,1224A,54,38,39,54,45,4,5,38,46,11,80,43,69,1.324,1.195
140618,1225A,42.54321,29.777778,34.035088,35.432099,44.964912,7.444444,8.052632,53.432099,53.122807,111.82716,115.315789,110.972603,115.56,0.647259,0.63914
140618,1226A,120,91,56,98,89,11,6,56,45,37,100,45,73,1.038,0.913
140618,1227A,54,35,32,57,44,3,3,15,20,4,60,22,52,1.2,1.13
140618,1228A,68,48,40,86,64,3,4,2,18,2,46,2,10,1.503,1.525
140618,1229A,142,108,53,138,70,3,3,59,63,52,69,38,50,1.441,1.359
140618,1230A,162,123,47,146,63,12,6,41,50,102,122,100,108,1.485,1.411
140618,1231A,147,112,58,107.5,77,9,8,33,45,99,107,90,92,1.29,1.239
140618,1232A,59,37,36,67,71,5,5,35,43,22,67,41,60,1.283,1.321
140618,1233A,46,32,33,44,54,5,4,19,26,7,69,21,65,1.146,1.056
140619,1223A,59,37,72,67,119,12,12,29,42,80,222,121,174,0.778,1.202
140619,1224A,48,33,73,63.5,103,11,11,35,47,68,201,119,156,0.479,0.896
140619,1225A,62,44,37,68,53,7,7,66,55,58,132,100,118,0.743,0.724
140619,1226A,57,40,87,65.222222,139,12,16,26,36,78,168,116,148,0.378,0.718
140619,1227A,40,28,66,30,95,5,7,17,22,49,191,102,151,0.683,1.122
140619,1228A,53,25,65,56,103,11,5,27,21,17,100,5,24,0.738,1.117
140619,1229A,38,26,77,58.5,147,4,4,39,45,69,194,112,152,0.438,0.961
140619,1230A,33,23,85,53.75,138,10,15,35,46,105,188,127,153,0.348,1.172
140619,1231A,36,25,97,26,69,6,10,25,35,84,163,116,140,0.432,0.958
140619,1232A,54,29,54,58,103,22,18,30,36,64,172,98,137,0.517,1.014
140619,1233A,46,32,68,53,86,23,15,27,29,85,239,124,177,0.54,0.963
140620,1223A,72,52,66,93,140,20,20,62,49,9,296,120,220,1.035,1.062
140620,1224A,54,38,55,51.666667,90,10,12,48,42,44,245,123,195,0.742,0.799
140620,1225A,34,6,33,33,51,9,9,67,53,54,165,91,147,0.318,0.575
140620,1226A,52,36,71,66.111111,119,24,26,58,42,14,216,104,177,0.541,0.649
140620,1227A,49,30,47,49,90,5,9,32,24,6,244,92,185,0.824,0.888
140620,1228A,57,27,52,64,114,15,18,42,35,2,84,2,46,0.922,0.974
140620,1229A,42,29,61,29,121,3,21,42,51,31,265,112,208,0.644,0.787
140620,1230A,45,31,62,35,105,16,15,50,51,58,242,129,198,0.616,0.704
140620,1231A,58,41,77,41,77,6,10,26,37,47,195,104,162,0.643,0.751
140620,1232A,67,36,51,84,120,40,61,73,50,2,306,100,196,0.921,0.984
140620,1233A,51,20,37,52,105,6,9,47,37,13,143,64,130,0.706,0.736
140621,1223A,55,28,30,60,67,3,5,39,32,9,121,38,88,0.981,0.999
140621,1224A,19,11,24,14,53,2,5,38,41,16,104,37,98,0.908,0.794
140621,1225A,35,7,4,16,21,5,5,70,69,46,66,49,81,0.334,0.343
140621,1226A,40,28,34,54.7,58,8,14,42,41,50,154,71,109,0.631,0.59
140621,1227A,28,15,21,28,34,2,3,9,17,1,103,19,68,0.769,0.821
140621,1228A,28,19,24,26,41,3,5,2,15,2,10,2,5,0.966,0.986
140621,1229A,33,23,24,28,45,2,2,40,48,2,110,27,86,0.878,0.82
140621,1230A,38,26,25,35,65,4,6,66,58,40,130,59,117,0.826,0.783
140621,1231A,63,45,48,58,52,5,10,56,47,3,106,34,86,1.026,0.867
140621,1232A,34,18,23,34,43,3,7,32,27,14,90,34,74,1.062,1.057
140621,1233A,30,10,19,30,45,6,7,13,25,12,116,21,116,0.679,0.72
140622,1223A,30,21,34,21.5,42,3,4,18,35,64,76,58,67,0.678,0.911
140622,1224A,28,19,25,36.25,38,4,3,43,39,58,82,59,72,0.707,0.872
140622,1225A,33,8,5,18,18,5,5,57,65,103,126,115,115,0.236,0.292
140622,1226A,30,21,36,46.333333,78,7,6,27,41,58,95,45,81,0.256,0.552
140622,1227A,23,16,23,16,34,3,3,11,23,50,56,37,41,0.536,0.843
140622,1228A,25,17,25,32.5,32,3,3,3,5,2,2,2,2,0.601,0.9
140622,1229A,25,15,28,28.5,32,3,2,23,35,77,77,52,57,0.384,0.775
140622,1230A,26,18,34,18,44,3,7,39,57,82,91,72,82,0.455,0.741
140622,1231A,29,20,35,16.611111,30,7,6,17,37,73,73,51,57,0.456,0.74
140622,1232A,25,17,21,25.5,42,6,5,14,31,54,60,44,55,0.614,0.835
140622,1233A,26,11,18,18,34,5,6,12,20,81,103,74,74,0.481,0.671
140623,1223A,59,38,28,67,56,13,10,27,29,63,117,78,108,0.725,0.719
140623,1224A,52,36,27,44,42,7,4,47,36,24,107,60,93,0.79,0.706
140623,1225A,31,21,14,24,22,5,5,62,58,83,116,95,112,0.284,0.269
140623,1226A,79,58,31,95,53,35,13,57,32,30,109,71,97,0.514,0.347
140623,1227A,55,39,21,56,36,3,3,12,17,10,81,31,58,0.621,0.576
140623,1228A,70,51,27,74,47,18,8,35,17,2,66,19,42,0.787,0.689
140623,1229A,70,51,26,89,48,7,3,32.636364,48,41,112,64,98,0.521,0.432
140623,1230A,70,51,30,72,49,25,14,64,49,66,116,85,106,0.61,0.514
140623,1231A,73,53,41,63,48,8,11,36,28,43,108,73,96,0.688,0.562
140623,1232A,42,28,19,42,43,16,14,31,31,48,93,60,78,0.587,0.631
140623,1233A,50,32,22,50,49,6,7,18,20,8,103,34,88,0.631,0.453
140624,1223A,99,74,51,141,102,26,21,77,49,10,121,56,101,1.124,0.874
140624,1224A,85,63,47,88,65,5,7,62,41,15,120,53,94,1.106,0.867
140624,1225A,37,22,21,33,34,5,6,73,63,32,111,64,97,0.289,0.281
140624,1226A,63,45,48,62,68,21,15,76,37,7,100,61,93,0.545,0.421
140624,1227A,77,56,39,81,63,3,5,23,22,3,98,26,62,0.864,0.705
140624,1228A,67,48,43,78,74,29,15,52,37,21,94,41,62,1,0.805
140624,1229A,70,51,49,88,83,8,7,104,63,13,109,60,97,0.58,0.475
140624,1230A,77,56,51,97,79,39,21,83,60,43,112,82,103,0.769,0.606
140624,1231A,67,48,49,60,59,5,9,40,32,29,92,64,79,0.636,0.576
140624,1232A,98,65,43,145,95,28,33,69,51,17,95,54,83,1.076,0.797
140624,1233A,79,58,42,95,77,6,10,25,28,8,132,37,94,0.832,0.626
140625,1223A,30,19,43,23,84,8,12,15,33,96,141,112,124,0.662,0.873
140625,1224A,30,21,37,27,65,4,6,36,41,36,139,85,117,0.667,0.772
140625,1225A,34,10,15,19,33,5,6,67,64,59,124,94,116,0.258,0.287
140625,1226A,55,31,41,59,91,29,18,81,41,25,145,93,119,0.379,0.585
140625,1227A,26,18,32,21,50,3,5,15,16,48,134,72,103,0.508,0.8
140625,1228A,29,10,33,29,66,3,5,2,12,2,8,2,32,0.35,0.733
140625,1229A,29,16,38,29,79,3,5,58,70,72,132,87,108,0.404,0.598
140625,1230A,42,18,41,42,70,6,12,48,53,77,141,99,129,0.616,0.765
140625,1231A,45,23,43,45,77,10,9,42,47,53,129,88,111,0.586,0.785
140625,1232A,39,18,37,39,75,10,11,28,34,68,129,94,112,0.917,0.826
140625,1233A,29,12,31,29,67,5,9,27,23,18,147,65,114,0.486,0.628
140626,1223A,87,37,28,123,89,4,14,73,41,7,117,50,105,0.861,0.763
140626,1224A,68,49,38,65,55,4,4,59,42,14,109,41,80,1.032,0.883
140626,1225A,36,13,11,18,18,7,6,71,63,39,102,60,95,0.242,0.24
140626,1226A,73,53,46,65,70,7,13,60,50,13,103,43,82,0.397,0.459
140626,1227A,49,34,31,39,48,3,4,29,26,4,86,14,60,0.864,0.723
140626,1228A,65,47,39,55,64,3,3,13,14,2,2,2,2,0.698,0.544
140626,1229A,72,52,45,86,76,3,5,106,79,6,107,42,79,0.734,0.605
140626,1230A,84,62,46,78,75,7,8,73,61,49,124,79,101,0.885,0.793
140626,1231A,87,64,47,52.666667,52,5,8,32,40,32,102,50,79,0.604,0.458
140626,1232A,67,48,31,62,64,6,14,55,43,15,77,40,87,1.006,0.902
140626,1233A,62,44,46,59.666667,80,8,8,19,27,29,130,31,86,0.702,0.613
140627,1223A,43,30,39,36,136,7,8,74,70,1,27,10,40,1.631,0.992
140627,1224A,69,50,56,44.285714,98,7,6,74,68,13,45,15,36,1.094,1.131
140627,1225A,41,15,16,41,35,5,6,79,73,8,61,25,55,0.366,0.316
140627,1226A,84,62,54,65,125,13,11,46,57,18,38,21,32,0.525,0.493
140627,1227A,61,39,39,71,68,4,4,57,38,2,52,2,22,1.074,1.009
140627,1228A,82,60,54,98,96,3,3,2,6,2,2,2,2,1.692,0.877
140627,1229A,77,56,57,58,120,8,5,98,99,1,24,7,34,1.393,0.946
140627,1230A,82,60,60,40.230769,116,12,9,81,79,53,67,55,71,1.025,1.101
140627,1231A,97,72,64,100.769231,90,6,6,59,42,8,37,24,44,0.785,0.715
140627,1232A,73,53,65,85,114,10,20,68,65,1,23,9,33,1.368,1.276
140627,1233A,57,40,52,46,93,3,9,54,41,8,81,14,39,1.073,0.94
140628,1223A,81,25,27,112,87,15,11,62,57,15,61,34,45,0.83,1.047
140628,1224A,74,54,44,70,66,6,7,49,46,14,75,41,62,1.104,1.104
140628,1225A,31,10.666667,9,22,18,7,5,62,69,91,100,89,89,0.796,0.51
140628,1226A,114,86,56,112,97,23,18,74,58,5,100,21,63,0.635,0.62
140628,1227A,63,45,33,60,48,3,4,33,37,2,55,17,32,0.876,1.076
140628,1228A,87,64,45,99,67,3,4,67,23,2,2,2,2,0.786,0.923
140628,1229A,93,69,47,114,98,9,7,104,96,4,45,21,31,0.808,1.063
140628,1230A,110,83,53,97,84,37,21,82,72,49,92,65,79,0.968,1.069
140628,1231A,143,109,63,103.157895,88,14,9,55,40,14,78,40,64,0.761,0.722
140628,1232A,75,55,40,85,70,24,13,74,59,9,68,29,45,1.243,1.234
140628,1233A,62,44,33,62,61,5,7,34,45,9,64,14,34,1.027,1.085
140629,1223A,59,16,18,67,99,9,14,53,50,21,124,67,110,0.868,0.807
140629,1224A,73,53,51,66,75,5,8,53,43,14,137,65,103,0.58,0.43
140629,1225A,35,13,14,8,26,5,6,70,64,50,119,75,105,0.299,0.518
140629,1226A,80,59,59,88,90,11,23,61,53,14,120,53,105,0.974,0.606
140629,1227A,64,46,41,54,62,3,6,14,26,19,121,42,70,0.697,0.798
140629,1228A,68,49,50,78,82,3,4,2,20,2,14,2,4,0.698,0.638
140629,1229A,74,53,57,98,105,5,7,98,89,3,131,55,100,0.863,0.749
140629,1230A,94,70,65,81,104,8,17,79,72,52,134,77,108,1.177,1.002
140629,1231A,119,90,87,104,104,11,14,69,48,10,136,66,104,0.917,0.727
140629,1232A,60,37,42,70,81,7,26,44,50,20,96,48,81,1.012,1.085
140629,1233A,59,42,42,56,79,6,8,23,33,8,87,38,76,0.892,0.84
140630,1223A,76,54,46,102,91,6,13,48,44,35,130,73,107,0.905,0.94
140630,1224A,63,45,45,63,64,5,6,26,38,26,113,59,86,0.51,0.521
140630,1225A,37,18.793103,12,31,30,5,6,74,68,31,124,70,101,0.355,0.35
140630,1226A,88,65,63,106,95,67,30,93,55,2,124,52,101,0.68,0.726
140630,1227A,62,42,41,73,71,3,5,18,21,12,73,38,57,0.832,0.821
140630,1228A,78,40,47,105,95,3,3,27,9,2,5,2,3,0.812,0.76
140630,1229A,82,50,51,114,83,5,5,92,84,22,100,59,76,0.78,0.818
140630,1230A,80,59,51,96,84,8,9,73,66,47,118,72,100,0.989,0.999
140630,1231A,122,92,83,103,109,26,14,74,59,9,114,54,95,0.815,0.895
140630,1232A,74,44,41,98,98,18,14,36,40,41,117,63,84,1.278,1.075
140630,1233A,55,37,38,60,86,6,9,21,34,7,89,37,72,0.965,0.898
140701,1223A,124,94,70,132,114,9,7,74,59,4,113,36,87,1.17,0.973
140701,1224A,68,49,53,54.71875,66,4,4,52,35,14,108,43,92,0.764,0.502
140701,1225A,48,33,39,33.666667,42,5,6,78,70,11,142,21,106,0.454,0.414
140701,1226A,138,105,83,114,112,14,18,79,73,5,85,16,77,0.674,0.724
140701,1227A,61,42,46,72,71,3,3,23,31,17,82,24,62,0.941,0.879
140701,1228A,90,67,55,108,91,12,5,78,34,8,53,4,16,1.082,0.834
140701,1229A,98,73,62,133,99,8,5,121,105,1,88,22,68,1.163,0.958
140701,1230A,123,93,62,97,90,24,10,92,77,37,108,55,99,1.197,1.024
140701,1231A,143,109,87,105.666667,95,7,13,32,65,37,100,24,85,0.728,0.83
140701,1232A,78,55,48,106,89,8,8,66,57,3,85,24,70,1.391,1.223
140701,1233A,62,44,45,64,75,5,6,33,34,15,102,26,85,3.124,1.037
140702,1223A,138,105,97,75.833333,86,10,18,95,63,2,204,82,162,1.09,1.215
140702,1224A,92,68,68,52.46875,53,6,7,54,52,18,143,49,90,0.71,0.768
140702,1225A,41,24,20,33,37,5,5,82,80,2,12,2,18,0.526,0.496
140702,1226A,100,75,103,81,125,11,16,45,53,45,193,94,145,0.48,0.794
140702,1227A,82,60,51,83,87,3,4,21,29,15,87,26,59,1.034,1.141
140702,1228A,90,67,74,112,117,8,8,58,49,8,68,8,16,1.115,1.045
140702,1229A,117,88,79,149,143,6,8,81,82,12,195,85,136,1.093,1.152
140702,1230A,139,106,71,110.5,114,9,14,53,74,63,169,81,126,0.991,1.228
140702,1231A,103,77,107,89,135,6,9,32,41,45,163,80,126,0.673,0.894
140702,1232A,91,67,64,131,125,9,16,73,51,8,169,74,147,1.415,1.391
140702,1233A,77,56,57,91,98,3,7,7,27,70,149,88,109,0.88,3.68
140703,1223A,65,47,86,82.910256,2,13,21,60,65,16,114,14,62,0.907,1.155
140703,1224A,45,31,40,32.8,52,5,5,43,37,21,54,26,39,0.671,0.667
140703,1225A,11,3,14,11,33,5,20,6,50,7,11,7,7,0.463,0.548
140703,1226A,62,44,79,50.4,119,24,22,75,65,6,43,18,77,0.717,0.894
140703,1227A,61,37,36,71,61,3,3,31,19,2,28,9,20,1.235,1.087
140703,1228A,49,25,53,49,112,10,5,53,24,2,2,2,8,1.184,1.356
140703,1229A,46,32,56,40.230769,162,5,7,73,77,7,36,14,67,1.241,1.319
140703,1230A,42,29,56,35,88,11,11,77,69,41,82,57,74,1.097,1.275
140703,1231A,55,39,79,53.818182,119,6,7,29,49,39,41,34,69,0.933,1.03
140703,1232A,72,52,63,85,126,17,18,62,67,5,40,8,56,1.216,1.427
140703,1233A,50,18,38,50,74,3,4,9,12,8,81,11,82,0.917,0.848
140704,1223A,223,173,68,89.987179,4,33,11,94,51,66,248,145,209,0.981,0.994
140704,1224A,102,76,43,83,46,5,6,49,32,29,187,112,160,1.274,0.672
140704,1225A,24,14,15,24,45,5,5,7,6,15,42,20,20,0.284,0.298
140704,1226A,178,134,62,165,87,31,18,89,48,78,196,129,174,0.821,0.709
140704,1227A,108,81,34,121,58,5,4,25,19,46,142,85,119,1.027,1.015
140704,1228A,196,147,53,219,85,19,8,77,39,2,69,15,29,1.38,1.328
140704,1229A,204,154,55,210,112,10,5,90,61,83,214,144,194,1.378,1.143
140704,1230A,198,148,46,158.5,69,25,13,82,60,96,187,135,170,1.352,1.079
140704,1231A,221,171,64,157.064516,95,15,10,35,26,123,190,146,161,1.026,0.805
140704,1232A,182,137,52,235,97,75,19,79,44,65,214,127,181,1.163,1.088
140704,1233A,88,65,33,95,65,2,3,19,16,180,271,195,218,0.887,0.786
140705,1223A,103.5,77.5,143,81,86,10,14,27.5,54.5,71.5,172,108,137.5,0.612,1.03
140705,1224A,82.5,60.5,83.5,62.7,108.5,5,6,32,48,65,123,77.5,99,0.9325,1.3255
140705,1225A,33,23,46.5,29.333333,69,5,5,8,8,47.5,55,47,50,0.6335,0.58
140705,1226A,73,53,111,71.615385,126,7.5,12,29,37.5,71.5,143,103,125.5,0.478,0.803
140705,1227A,66.5,48,82,63.5,120,4,5.5,16,30,53,80,61,74.5,0.7995,1.2165
140705,1228A,68.5,49.5,80,63.5,134,3,11,19,37.5,2,33,3.5,16,0.84,1.283
140705,1229A,61.5,44,88.5,50.454545,219.5,3,5.5,35.5,57.5,76,146,93,128,0.74,1.22
140705,1230A,73.5,53.5,97,61.25,115.5,4.5,13,34.5,57.5,98.5,145,111,127.5,0.7835,1.226
140705,1231A,64,46,107.5,62.612903,35.5,4.5,6.5,15,25.5,74,130,89.5,137.5,0.5055,0.88
140705,1232A,76.5,56,91.5,90.5,164.5,18,34,25,49,54,171,91.5,120,0.7135,1.1795
140705,1233A,91,67.5,91,95.5,128,6,4,12.5,24.5,63,189,98,184.5,0.748,1.0775
140706,1223A,68,49,75,50,124,3,11,62,63,6,142,25,95,0.931,1.024
140706,1224A,25,17,60,95.117647,96,5,8,29.045455,38,18,103,32,70,0.999,1.135
140706,1225A,47,26,25,47,51,5,5,6,8,9,50,22,48,0.392,0.628
140706,1226A,54,38,65,96.727273,107,16,24,48,58,11,137,33,103,0.566,0.765
140706,1227A,36,25,50,25,91,3,4,37,26,6,69,21,58,1.008,1.022
140706,1228A,59,32,57,68,117,11,7,58,50,7,62,15,25,1.74,1.271
140706,1229A,45,31,56,81.090909,106,2,4,82,68,1,115,18,82,2.193,1.239
140706,1230A,33,20,63,43.555556,95,7,14,65,62,48,116,56,104,0.574,1.078
140706,1231A,55,39,57,71.5,88,8,8,33,48,14,99,12,82,0.288,0.713
140706,1232A,81,52,58,111,127,29,27,60,54,6,136,31,102,1.021,0.998
140706,1233A,64,43,52,78,107,5,8,31,23,15,127,41,95,1.107,1.106
140707,1223A,63,45,37,70,55,6,7,50,37,54,136,94,125,0.641,0.913
140707,1224A,42,29,28,108.764706,100.357143,4,5,10.5,19.809524,35,114,88,107,0.854,0.905
140707,1225A,48,33,17,33,38,4,5,5,5,27,34,20,20,0.869133,0.5
140707,1226A,64,46,39,64,46,18,8,68,30,40,126,82,115,0.524,0.598
140707,1227A,46,29,23,46,38,3,3,12,18,38,76,50,60,0.731,0.908
140707,1228A,70,46,33,89,59,7,9,76,39,10,87,48,77,1.298,1.614
140707,1229A,60,43,36,70,66,6,5,68,48,50,130,93,109,1.089,1.488
140707,1230A,48,25,30,48,44,6,7,61,39,73,126,101,117,0.474,0.571
140707,1231A,64,46,39,56,48,15,8,29,22,82,172,101,125,0.719,0.629
140707,1232A,59,35,28,67,58,11,9,31,26,69,122,89,109,0.621,0.759
140707,1233A,44,24,23,44,41,5,4,19,25,31,128,72,104,0.612,0.836
140708,1223A,158,120,97,145,126,20,15,59,51,84,251,169,222,0.918,0.799
140708,1224A,130,99,69,107,111,6,10,51,42,27,190,109,170,1.467,1.307
140708,1225A,62,44,36,54,53,5,5,8,7,37,55,35,42,0.781,0.781
140708,1226A,75,55,84,119.555556,104,10,22,24,45,105,215,151,193,0.404,0.705
140708,1227A,143,109,60,140,99,4,7,25,27,44,154,92,118,0.941,1.031
140708,1228A,90,67,74,90,122,13,15,25,41,52,155,61,130,0.919,1.247
140708,1229A,114,86,81,159,114,10,10,53,53,106,241,167,212,1.066,1.148
140708,1230A,84,62,73,154,108,10,19,37,56,125,200,139,173,0.726,0.919
140708,1231A,113,85,89,136,85,8,16,18,30,110,212,130,174,0.441,0.915
140708,1232A,81,57,73,112,133,18,46,8,38,90,233,152,193,0.989,0.854
140708,1233A,130,99,58,132,98,6,9,44,31,29,244,142,195,1.056,0.954
140709,1223A,140,107,67,126,90,15,14,52,33,105,211,176,191,1.379,0.587
140709,1224A,90,67,59,75,79,6,7,43,36,82,173,148,165,0.777,0.731
140709,1225A,60,35,47,69,90,5,5,10,9,41,74,56,66,0.781,0.781
140709,1226A,69,50,55,80,78,22,15,47,32,43,204,130,178,0.51,0.397
140709,1227A,82,60,48,88,76,5,5,23,21,101,172,104,125,0.575,0.601
140709,1228A,102,76,44,127,84,23,9,41,24,36,134,43,105,1.836,0.783
140709,1229A,85,63,51,120,88,8,16,56,39,98,235,184,209,1.09,0.812
140709,1230A,95,71,56,81,81,14,11,45,38,110,187,158,175,0.643,0.58
140709,1231A,129,98,74,79,91,14,10,34,27,63,217,153,197,0.566,0.499
140709,1232A,58,41,56,59.434783,64,17,12,31,20,92,164,139,150,0.764,0.662
140709,1233A,88,65,52,91,83,8,8,24,24,148,216,141,185,0.719,0.766
140710,1223A,73,50,51,95,84,10,8,51,28,18,207,96,161,0.775,0.72
140710,1224A,64,46,47,61,69,7,7,65,34,14,161,77,137,1.488,1.044
140710,1225A,45,31,34,45,72,5,5,6,8,23,92,41,58,0.781,0.781
140710,1226A,85,63,54,98,78,26,13,59,28,28,173,72,133,0.501,0.529
140710,1227A,51,33,42,51,74,3,5,39,19,4,123,47,102,0.724,0.629
140710,1228A,82,48,42,114,90,22,9,50,27,14,120,49,102,0.614,0.68
140710,1229A,74,48,42,98,80,13,7,73,41,18,189,84,166,0.891,0.856
140710,1230A,83,52,43,115,83,21,15,75,44,47,157,83,149,0.697,0.777
140710,1231A,113,85,65,107,79,18,10,25,24,66,172,79,136,0.59,0.605
140710,1232A,59,65,39,67,70,11,8,28,24,44,161,80,133,0.676,0.739
140710,1233A,55,35,37,59,75,4,6,28,19,21,188,88,146,0.902,0.71
140711,1223A,129,98,95,135,143,3,8,84,54,38,324,133,260,1.403,1.088
140711,1224A,23,128.5,65,91.384615,74,4,5,46,43,17,195,72,190,1.54,1.323
140711,1225A,54,38,35,57,64,4,5,6,6,95,121,85,87,0.297,0.68
140711,1226A,130,99,104,163,147,12,27,94,58,25,288,115,222,1.18,0.799
140711,1227A,92,68,65,79,106,3,4,7,26,51,163,84,138,0.874,0.904
140711,1228A,93,69,78,119,149,6,15,94,55,7,199,52,152,2.229,1.227
140711,1229A,104,78,81,104,137,4,8,100,76,17,286,91,220,1.545,1.412
140711,1230A,104,78,68,100,126,3,16,66,67,56,221,94,192,1.07,1.151
140711,1231A,170,129,113,173,139,7,12,105,40,2,225,111,198,1.628,0.903
140711,1232A,182,137,77,141,145,6,19,41,54,56,264,122,216,1.332,1.112
140711,1233A,93,69,57,92,103,4,4,27,30,37,253,94,194,0.854,0.841
140712,1223A,103,77,83,91,125,2,3,46,42,49,199,97,153,0.974,1.082
140712,1224A,92,68,81,84,99,7,6,64,44,15,183,66,133,0.923,0.773
140712,1225A,24,12,37,19,61,5,5,12,8,75,152,92,123,0.771,0.717
140712,1226A,128,97,91,94.2,135,21,19,55,46,103,234,138,200,0.739,0.905
140712,1227A,70,51,63,59,94,3,3,14,14,24,143,49,115,0.725,0.837
140712,1228A,80,59,69,96,129,7,7,52,44,23,139,35,90,1.125,1.264
140712,1229A,83,53,70,115,112,3,3,79,56,15,200,88,176,1.239,1.241
140712,1230A,78,57,58,85,107,5,9,68,47,44,168,81,154,0.989,1.051
140712,1231A,85,63,96,109,128,9,6,65,52,53,196,102,169,0.786,1.226
140712,1232A,84,62,73,77,134,14,9,39,34,38,219,112,194,1.027,1.15
140712,1233A,58,41,61,54,101,4,4,18,18,18,185,54,164,0.711,0.821
140713,1223A,17,8,37,10,69,3,6,15,29,54,165,69,120,0.493,0.741
140713,1224A,19,13,39,22.666667,50,5,8,29,35,34,129,58,96,0.352,0.508
140713,1225A,26,6,15,7,26,4,5,10,11,81,100,82,89,0.632,0.717
140713,1226A,29,20,47,47.5,79,5,10,15,24,52,198,80,145,0.322,0.509
140713,1227A,18,12,30,19.333333,51,3,3,5,13,28,120,32,86,0.337,0.52
140713,1228A,11,1,30,9,70,3,6,22,28,26,109,38,65,0.711,0.805
140713,1229A,21,6,34,7,62,2,3,42,43,33,164,57,112,0.658,0.965
140713,1230A,23,14,38,18,66,2,8,46,40,51,143,79,112,0.552,0.752
140713,1231A,27,16,54,25,84,5,8,54,42,12,177,64,115,0.597,0.701
140713,1232A,16,10,39,11,80,2,11,13,25,49,179,74,127,0.551,0.835
140713,1233A,16,5,26,8,56,4,4,7,16,50,173,67,126,0.385,0.579
140714,1223A,48,33,25,31.571429,31,6,5,40,33,44,92,74,85,0.786,0.916
140714,1224A,30,21,20,28.333333,21,6,5,37,32,51,92,68,84,0.726,0.67
140714,1225A,31,3,5,4,10,4,4,10,11,99,120,107,108,0.645,0.651
140714,1226A,48,33,32,54.89313,38,8,10,21,34,72,104,65,88,0.532,0.648
140714,1227A,26,18,19,24,25,3,3,9,15,34,75,57,59,0.494,0.585
140714,1228A,35,24,23,27,35,4,7,56,41,25,63,49,56,1.389,1.513
140714,1229A,46,32,34,32,31,2,3,46,54,38,87,55,66,0.861,1.274
140714,1230A,32,22,22,30.333333,29,4,5,36,43,74,117,77,96,0.757,0.708
140714,1231A,68,49,33,47,27,5,7,55,35,41,99,54,85,0.757,0.704
140714,1232A,30,21,20,27,29,5,4,20,27,52,86,67,76,0.813,0.914
140714,1233A,20,14,17,19,26,4,4,11,17,64,84,64,70,0.535,0.603
140715,1223A,23.075697,12.59761,26.059761,17.434263,32.657371,4.059761,4,24.119522,30.880478,67.14741,90.565737,59.223108,85.179283,0.725127,0.842251
140715,1224A,26.239044,8.776892,18.239044,12.442688,16.836653,5.880478,5.059761,18.940239,31.820717,80.207171,90.207171,64.924303,84.776892,0.385952,0.625434
140715,1225A,32.342629,4.119522,4.298805,9.358566,8.358566,4.880478,4,10.298805,11.059761,100.968127,117.549801,98.505976,106.266932,0.591968,0.629351
140715,1226A,30.657371,20.760956,32.282869,53.610687,41,4.880478,7.760956,21,30.521912,68.804781,102.386454,58.462151,87.701195,0.582773,0.631458
140715,1227A,19.015936,6.896414,16.239044,18.075697,23.776892,3.239044,3.418327,6.478088,13.478088,54.729084,72.131474,43.446215,58.820717,0.432873,0.550124
140715,1228A,31.232,5.176,19.112,31.288,27.952,3.672,4.336,35.224,35.608,37.328,68.496,46.608,55.44,1.227264,1.33968
140715,1229A,24.12,10.952,30.608,16.568,30.064,2.392,3.224,39.064,50.328,69.752,86.104,54.6,67.848,0.689624,1.129104
140715,1230A,29.717131,18.59761,23.28,29.717131,33.504,7,5.28,33.569721,42.224,84.549801,115.376,83.88,96.84,0.643805,0.735728
140715,1231A,45.776,31.384,40.104,42,40.168,11,7.112,31.552,40.88,72.768,98.44,46.672,85.112,0.636856,0.92428
140715,1232A,28.232,10.448,20.944,23.512,30.952,2.56,5.344,15.56,25.168,83.088,84.6,60.048,76.056,0.779336,0.88244
140715,1233A,32.008,9.448,17.112,24.456,25.84,4.168,4.056,16.616,18.944,93.8,97.608,59.824,70.392,0.51944,0.61316
140716,1223A,24.796813,13.553785,26.155378,19.729084,33.709163,4.155378,4,24.310757,30.689243,64.183267,88.270916,57.98008,85.466135,0.714131,0.813853
140716,1224A,26.621514,10.01992,18.621514,13.106719,18.175299,5.689243,5.155378,18.844622,31.533865,77.338645,87.338645,63.203187,86.01992,0.405076,0.627729
140716,1225A,31.290837,4.310757,4.776892,9.932271,8.932271,4.689243,4,10.776892,11.155378,97.717131,113.629482,96.115538,103.494024,0.588717,0.617112
140716,1226A,31.709163,20.378486,31.135458,52.328244,41,4.689243,7.378486,21,29.756972,66.89243,99.804781,57.601594,87.223108,0.57761,0.624191
140716,1227A,20.641434,8.330677,16.621514,19.796813,25.01992,3.621514,4.087649,7.243028,14.243028,51.095618,67.541833,40.960159,58.533865,0.419869,0.532721
140716,1228A,33.344,7.192,19.304,33.496,29.584,4.824,4.912,35.608,34.936,36.176,67.632,45.936,54.48,1.152288,1.25856
140716,1229A,26.04,12.584,29.936,19.256,31.888,3.064,3.608,40.888,49.176,64.184,84.568,52.2,71.016,0.680408,1.067568
140716,1230A,30.864542,19.553785,23.76,30.864542,34.368,7,5.76,37.681275,42.608,80.629482,112.592,81.96,98.28,0.641892,0.712976
140716,1231A,45.392,30.328,38.568,42,40.456,11,7.304,30.784,38.96,70.656,97.48,47.824,85.304,0.617752,0.87676
140716,1232A,30.344,11.216,20.848,26.104,32.584,3.52,7.648,16.52,25.456,78.096,82.2,58.416,76.152,0.755912,0.84548
140716,1233A,33.736,10.216,17.304,26.952,27.28,4.456,4.152,17.672,18.848,86.6,96.936,57.808,71.064,0.51848,0.61172
140717,1223A,26.517928,14.50996,26.250996,22.023904,34.760956,4.250996,4,24.501992,30.498008,61.219124,85.976096,56.737052,85.752988,0.703135,0.785454
140717,1224A,27.003984,11.262948,19.003984,13.770751,19.513944,5.498008,5.250996,18.749004,31.247012,74.47012,84.47012,61.482072,87.262948,0.424199,0.630024
140717,1225A,30.239044,4.501992,5.25498,10.505976,9.505976,4.498008,4,11.25498,11.250996,94.466135,109.709163,93.7251,100.721116,0.585466,0.604873
140717,1226A,32.760956,19.996016,29.988048,51.045802,41,4.498008,6.996016,21,28.992032,64.98008,97.223108,56.741036,86.74502,0.572446,0.616924
140717,1227A,22.266932,9.76494,17.003984,21.517928,26.262948,4.003984,4.756972,8.007968,15.007968,47.462151,62.952191,38.474104,58.247012,0.406865,0.515319
140717,1228A,35.456,9.208,19.496,35.704,31.216,5.976,5.488,35.992,34.264,35.024,66.768,45.264,53.52,1.077312,1.17744
140717,1229A,27.96,14.216,29.264,21.944,33.712,3.736,3.992,42.712,48.024,58.616,83.032,49.8,74.184,0.671192,1.006032
140717,1230A,32.011952,20.50996,24.24,32.011952,35.232,7,6.24,41.792829,42.992,76.709163,109.808,80.04,99.72,0.63998,0.690224
140717,1231A,45.008,29.272,37.032,42,40.744,11,7.496,30.016,37.04,68.544,96.52,48.976,85.496,0.598648,0.82924
140717,1232A,32.456,11.984,20.752,28.696,34.216,4.48,9.952,17.48,25.744,73.104,79.8,56.784,76.248,0.732488,0.80852
140717,1233A,35.464,10.984,17.496,29.448,28.72,4.744,4.248,18.728,18.752,79.4,96.264,55.792,71.736,0.51752,0.61028
140718,1223A,28.239044,15.466135,26.346614,24.318725,35.812749,4.346614,4,24.693227,30.306773,58.25498,83.681275,55.494024,86.039841,0.692139,0.757056
140718,1224A,27.386454,12.505976,19.386454,14.434783,20.85259,5.306773,5.346614,18.653386,30.960159,71.601594,81.601594,59.760956,88.505976,0.443323,0.632319
140718,1225A,29.187251,4.693227,5.733068,11.079681,10.079681,4.306773,4,11.733068,11.346614,91.215139,105.788845,91.334661,97.948207,0.582215,0.592633
140718,1226A,33.812749,19.613546,28.840637,49.763359,41,4.306773,6.613546,21,28.227092,63.067729,94.641434,55.880478,86.266932,0.567283,0.609657
140718,1227A,23.89243,11.199203,17.386454,23.239044,27.505976,4.386454,5.426295,8.772908,15.772908,43.828685,58.36255,35.988048,57.960159,0.393861,0.497916
140718,1228A,37.568,11.224,19.688,37.912,32.848,7.128,6.064,36.376,33.592,33.872,65.904,44.592,52.56,1.002336,1.09632
140718,1229A,29.88,15.848,28.592,24.632,35.536,4.408,4.376,44.536,46.872,53.048,81.496,47.4,77.352,0.661976,0.944496
140718,1230A,33.159363,21.466135,24.72,33.159363,36.096,7,6.72,45.904382,43.376,72.788845,107.024,78.12,101.16,0.638068,0.667472
140718,1231A,44.624,28.216,35.496,42,41.032,11,7.688,29.248,35.12,66.432,95.56,50.128,85.688,0.579544,0.78172
140718,1232A,34.568,12.752,20.656,31.288,35.848,5.44,12.256,18.44,26.032,68.112,77.4,55.152,76.344,0.709064,0.77156
140718,1233A,37.192,11.752,17.688,31.944,30.16,5.032,4.344,19.784,18.656,72.2,95.592,53.776,72.408,0.51656,0.60884
140719,1223A,29.960159,16.422311,26.442231,26.613546,36.864542,4.442231,4,24.884462,30.115538,55.290837,81.386454,54.250996,86.326693,0.681143,0.728657
140719,1224A,27.768924,13.749004,19.768924,15.098814,22.191235,5.115538,5.442231,18.557769,30.673307,68.733068,78.733068,58.039841,89.749004,0.462446,0.634614
140719,1225A,28.135458,4.884462,6.211155,11.653386,10.653386,4.115538,4,12.211155,11.442231,87.964143,101.868526,88.944223,95.175299,0.578964,0.580394
140719,1226A,34.864542,19.231076,27.693227,48.480916,41,4.115538,6.231076,21,27.462151,61.155378,92.059761,55.01992,85.788845,0.56212,0.60239
140719,1227A,25.517928,12.633466,17.768924,24.960159,28.749004,4.768924,6.095618,9.537849,16.537849,40.195219,53.772908,33.501992,57.673307,0.380857,0.480514
140719,1228A,39.68,13.24,19.88,40.12,34.48,8.28,6.64,36.76,32.92,32.72,65.04,43.92,51.6,0.92736,1.0152
140719,1229A,31.8,17.48,27.92,27.32,37.36,5.08,4.76,46.36,45.72,47.48,79.96,45,80.52,0.65276,0.88296
140719,1230A,34.306773,22.422311,25.2,34.306773,36.96,7,7.2,50.015936,43.76,68.868526,104.24,76.2,102.6,0.636155,0.64472
140719,1231A,44.24,27.16,33.96,42,41.32,11,7.88,28.48,33.2,64.32,94.6,51.28,85.88,0.56044,0.7342
140719,1232A,36.68,13.52,20.56,33.88,37.48,6.4,14.56,19.4,26.32,63.12,75,53.52,76.44,0.68564,0.7346
140719,1233A,38.92,12.52,17.88,34.44,31.6,5.32,4.44,20.84,18.56,65,94.92,51.76,73.08,0.5156,0.6074
140720,1223A,31.681275,17.378486,26.537849,28.908367,37.916335,4.537849,4,25.075697,29.924303,52.326693,79.091633,53.007968,86.613546,0.670147,0.700259
140720,1224A,28.151394,14.992032,20.151394,15.762846,23.52988,4.924303,5.537849,18.462151,30.386454,65.864542,75.864542,56.318725,90.992032,0.48157,0.636908
140720,1225A,27.083665,5.075697,6.689243,12.227092,11.227092,3.924303,4,12.689243,11.537849,84.713147,97.948207,86.553785,92.40239,0.575713,0.568155
140720,1226A,35.916335,18.848606,26.545817,47.198473,41,3.924303,5.848606,21,26.697211,59.243028,89.478088,54.159363,85.310757,0.556956,0.595124
140720,1227A,27.143426,14.067729,18.151394,26.681275,29.992032,5.151394,6.76494,10.302789,17.302789,36.561753,49.183267,31.015936,57.386454,0.367853,0.463112
140720,1228A,41.792,15.256,20.072,42.328,36.112,9.432,7.216,37.144,32.248,31.568,64.176,43.248,50.64,0.852384,0.93408
140720,1229A,33.72,19.112,27.248,30.008,39.184,5.752,5.144,48.184,44.568,41.912,78.424,42.6,83.688,0.643544,0.821424
140720,1230A,35.454183,23.378486,25.68,35.454183,37.824,7,7.68,54.12749,44.144,64.948207,101.456,74.28,104.04,0.634243,0.621968
140720,1231A,43.856,26.104,32.424,42,41.608,11,8.072,27.712,31.28,62.208,93.64,52.432,86.072,0.541336,0.68668
140720,1232A,38.792,14.288,20.464,36.472,39.112,7.36,16.864,20.36,26.608,58.128,72.6,51.888,76.536,0.662216,0.69764
140720,1233A,40.648,13.288,18.072,36.936,33.04,5.608,4.536,21.896,18.464,57.8,94.248,49.744,73.752,0.51464,0.60596
140721,1223A,33.40239,18.334661,26.633466,31.203187,38.968127,4.633466,4,25.266932,29.733068,49.36255,76.796813,51.76494,86.900398,0.659151,0.671861
140721,1224A,28.533865,16.23506,20.533865,16.426877,24.868526,4.733068,5.633466,18.366534,30.099602,62.996016,72.996016,54.59761,92.23506,0.500693,0.639203
140721,1225A,26.031873,5.266932,7.167331,12.800797,11.800797,3.733068,4,13.167331,11.633466,81.462151,94.027888,84.163347,89.629482,0.572462,0.555916
140721,1226A,36.968127,18.466135,25.398406,45.916031,41,3.733068,5.466135,21,25.932271,57.330677,86.896414,53.298805,84.832669,0.551793,0.587857
140721,1227A,28.768924,15.501992,18.533865,28.40239,31.23506,5.533865,7.434263,11.067729,18.067729,32.928287,44.593625,28.52988,57.099602,0.354849,0.445709
140721,1228A,43.904,17.272,20.264,44.536,37.744,10.584,7.792,37.528,31.576,30.416,63.312,42.576,49.68,0.777408,0.85296
140721,1229A,35.64,20.744,26.576,32.696,41.008,6.424,5.528,50.008,43.416,36.344,76.888,40.2,86.856,0.634328,0.759888
140721,1230A,36.601594,24.334661,26.16,36.601594,38.688,7,8.16,58.239044,44.528,61.027888,98.672,72.36,105.48,0.632331,0.599216
140721,1231A,43.472,25.048,30.888,42,41.896,11,8.264,26.944,29.36,60.096,92.68,53.584,86.264,0.522232,0.63916
140721,1232A,40.904,15.056,20.368,39.064,40.744,8.32,19.168,21.32,26.896,53.136,70.2,50.256,76.632,0.638792,0.66068
140721,1233A,42.376,14.056,18.264,39.432,34.48,5.896,4.632,22.952,18.368,50.6,93.576,47.728,74.424,0.51368,0.60452
140722,1223A,35.123506,19.290837,26.729084,33.498008,40.01992,4.729084,4,25.458167,29.541833,46.398406,74.501992,50.521912,87.187251,0.648155,0.643462
140722,1224A,28.916335,17.478088,20.916335,17.090909,26.207171,4.541833,5.729084,18.270916,29.812749,60.12749,70.12749,52.876494,93.478088,0.519817,0.641498
140722,1225A,24.98008,5.458167,7.645418,13.374502,12.374502,3.541833,4,13.645418,11.729084,78.211155,90.10757,81.772908,86.856574,0.569211,0.543677
140722,1226A,38.01992,18.083665,24.250996,44.633588,41,3.541833,5.083665,21,25.167331,55.418327,84.314741,52.438247,84.354582,0.546629,0.58059
140722,1227A,30.394422,16.936255,18.916335,30.123506,32.478088,5.916335,8.103586,11.832669,18.832669,29.294821,40.003984,26.043825,56.812749,0.341845,0.428307
140722,1228A,46.016,19.288,20.456,46.744,39.376,11.736,8.368,37.912,30.904,29.264,62.448,41.904,48.72,0.702432,0.77184
140722,1229A,37.56,22.376,25.904,35.384,42.832,7.096,5.912,51.832,42.264,30.776,75.352,37.8,90.024,0.625112,0.698352
140722,1230A,37.749004,25.290837,26.64,37.749004,39.552,7,8.64,62.350598,44.912,57.10757,95.888,70.44,106.92,0.630418,0.576464
140722,1231A,43.088,23.992,29.352,42,42.184,11,8.456,26.176,27.44,57.984,91.72,54.736,86.456,0.503128,0.59164
140722,1232A,43.016,15.824,20.272,41.656,42.376,9.28,21.472,22.28,27.184,48.144,67.8,48.624,76.728,0.615368,0.62372
140722,1233A,44.104,14.824,18.456,41.928,35.92,6.184,4.728,24.008,18.272,43.4,92.904,45.712,75.096,0.51272,0.60308
140723,1223A,36.844622,20.247012,26.824701,35.792829,41.071713,4.824701,4,25.649402,29.350598,43.434263,72.207171,49.278884,87.474104,0.637159,0.615064
140723,1224A,29.298805,18.721116,21.298805,17.754941,27.545817,4.350598,5.824701,18.175299,29.525896,57.258964,67.258964,51.155378,94.721116,0.53894,0.643793
140723,1225A,23.928287,5.649402,8.123506,13.948207,12.948207,3.350598,4,14.123506,11.824701,74.960159,86.187251,79.38247,84.083665,0.56596,0.531438
140723,1226A,39.071713,17.701195,23.103586,43.351145,41,3.350598,4.701195,21,24.40239,53.505976,81.733068,51.577689,83.876494,0.541466,0.573323
140723,1227A,32.01992,18.370518,19.298805,31.844622,33.721116,6.298805,8.772908,12.59761,19.59761,25.661355,35.414343,23.557769,56.525896,0.328841,0.410904
140723,1228A,48.128,21.304,20.648,48.952,41.008,12.888,8.944,38.296,30.232,28.112,61.584,41.232,47.76,0.627456,0.69072
140723,1229A,39.48,24.008,25.232,38.072,44.656,7.768,6.296,53.656,41.112,25.208,73.816,35.4,93.192,0.615896,0.636816
140723,1230A,38.896414,26.247012,27.12,38.896414,40.416,7,9.12,66.462151,45.296,53.187251,93.104,68.52,108.36,0.628506,0.553712
140723,1231A,42.704,22.936,27.816,42,42.472,11,8.648,25.408,25.52,55.872,90.76,55.888,86.648,0.484024,0.54412
140723,1232A,45.128,16.592,20.176,44.248,44.008,10.24,23.776,23.24,27.472,43.152,65.4,46.992,76.824,0.591944,0.58676
140723,1233A,45.832,15.592,18.648,44.424,37.36,6.472,4.824,25.064,18.176,36.2,92.232,43.696,75.768,0.51176,0.60164
140724,1223A,38.565737,21.203187,26.920319,38.087649,42.123506,4.920319,4,25.840637,29.159363,40.47012,69.912351,48.035857,87.760956,0.626163,0.586665
140724,1224A,29.681275,19.964143,21.681275,18.418972,28.884462,4.159363,5.920319,18.079681,29.239044,54.390438,64.390438,49.434263,95.964143,0.558064,0.646088
140724,1225A,22.876494,5.840637,8.601594,14.521912,13.521912,3.159363,4,14.601594,11.920319,71.709163,82.266932,76.992032,81.310757,0.562709,0.519199
140724,1226A,40.123506,17.318725,21.956175,42.068702,41,3.159363,4.318725,21,23.63745,51.593625,79.151394,50.717131,83.398406,0.536303,0.566056
140724,1227A,33.645418,19.804781,19.681275,33.565737,34.964143,6.681275,9.442231,13.36255,20.36255,22.027888,30.824701,21.071713,56.239044,0.315837,0.393502
140724,1228A,50.24,23.32,20.84,51.16,42.64,14.04,9.52,38.68,29.56,26.96,60.72,40.56,46.8,0.55248,0.6096
140724,1229A,41.4,25.64,24.56,40.76,46.48,8.44,6.68,55.48,39.96,19.64,72.28,33,96.36,0.60668,0.57528
140724,1230A,40.043825,27.203187,27.6,40.043825,41.28,7,9.6,70.573705,45.68,49.266932,90.32,66.6,109.8,0.626594,0.53096
140724,1231A,42.32,21.88,26.28,42,42.76,11,8.84,24.64,23.6,53.76,89.8,57.04,86.84,0.46492,0.4966
140724,1232A,47.24,17.36,20.08,46.84,45.64,11.2,26.08,24.2,27.76,38.16,63,45.36,76.92,0.56852,0.5498
140724,1233A,47.56,16.36,18.84,46.92,38.8,6.76,4.92,26.12,18.08,29,91.56,41.68,76.44,0.5108,0.6002
140725,1223A,29,19,26,29,39,6,4,13,27,56,68,41,54,0.584,0.573
140725,1224A,21,14,20,19,26,4,5,15,26,66,66,57,57,0.608,0.637
140725,1225A,22,6,9,12,14,3,4,11,13,68,79,71,75,0.564,0.523
140725,1226A,45,26,20,45,37,6,3,38,25,24,77,41,60,0.619,0.57
140725,1227A,33,18,20,33,33,7,9,15,20,15,29,21,21,0.306,0.379
140725,1228A,34,14,21,34,42,3,9,15,29,49,60,38,46,0.432,0.532
140725,1229A,25,15,22,25,43,3,6,31,41,46,71,28,47,0.522,0.537
140725,1230A,30,21,27,26,38,5,9,34,48,66,88,58,76,0.43,0.515
140725,1231A,46,23,25,46,42,20,10,43,24,27,89,43,70,0.568,0.472
140725,1232A,30,17,19,30,42,9,25,20,28,39,61,36,50,0.745,0.554
140725,1233A,26,10,17,26,37,7,6,11,19,35,91,29,52,0.45,0.565
140726,1223A,206,156,46,178,70,6,5,44,26,64,127,78,111,1.264,0.889
140726,1224A,165,125,34,108.5,53,9,4,50,17,41,126,72,115,1.793,0.853
140726,1225A,82,60,40,93,64,3,4,12,11,46,166,93,153,0.906,0.832
140726,1226A,144,110,51,178,68,30,14,70,25,1,136,69,117,0.858,0.731
140726,1227A,107,80,29,131,62,8,7,29,13,16,96,31,77,1.012,0.537
140726,1228A,176,133,40,189,73,24,5,39,25,60,105,69,94,1.11,0.728
140726,1229A,199,149,45,164,54,9,3,43,34,72,128,84,115,1.169,0.794
140726,1230A,172,130,46,133,67,22,7,43,33,91,132,97,122,1.233,0.72
140726,1231A,176,133,43,155,71,26,10,39,31,59,144,87,119,1.141,0.824
140726,1232A,107,80,33,140,70,10,7,45,22,45,117,84,103,1.249,0.888
140726,1233A,83,61,31,97,57,6,7,11,9,19,159,49,109,0.856,0.658
140727,1223A,65,47,93,41.6,122,4,13,40,45,51,313,86,208,0.97,1.085
140727,1224A,46,32,88,33.2,113,5,12,29,36,50,273,103,194,0.69,0.998
140727,1225A,38,22,50,38,75,5,5,10,12,48,152,76,117,0.686,0.846
140727,1226A,95,71,92,72,108,20,36,43,43,19,242,44,168,0.857,0.739
140727,1227A,43,30,74,33.5,116,7,12,11,27,41,181,66,134,0.631,0.972
140727,1228A,53,37,82,47,139,3,26,44,44,42,213,54,141,0.845,1.036
140727,1229A,48,33,92,38,137,2,12,53,55,45,305,67,203,0.877,1.158
140727,1230A,57,40,103,44.8,128,4,24,31,50,89,289,110,202,0.637,1.063
140727,1231A,103,77,115,92,96,12,23,29,37,4,262,5,151,0.924,0.996
140727,1232A,50,35,78,36,134,4,24,25,43,51,262,76,172,0.835,1.06
140727,1233A,36,18,69,36,110,7,7,12,20,28,285,91,200,0.585,1.009
140728,1223A,50,35,48,38.5,76,7,5,37,40,26,299,37,195,0.823,0.903
140728,1224A,35,24,32,29,44,5,6,51,30,14,175,36,128,0.723,0.67
140728,1225A,13,9,22,11,36,3,4,9,11,41,124,60,108,0.575,0.689
140728,1226A,46,32,56,35.5,95,18,20,33,36,27,297,45,183,0.542,0.747
140728,1227A,42,29,34,32,54,6,8,27,16,6,145,24,99,0.438941,0.621
140728,1228A,50,35,37,42,68,4,4,44,37,24,190,34,131,0.718,0.836
140728,1229A,49,34,39,38,64,2,3,60,46,10,260,31,159,0.867,0.908
140728,1230A,45,31,43,35,63,3,7,63,46,42,237,63,144,0.743,0.802
140728,1231A,40,28,85,32,99,8,10,28,30,3,32,5,14,0.665,0.822
140728,1232A,41,27,39,41,70,13,11,39,33,17,278,39,190,0.88,0.935
140728,1233A,35,24,29,28,53,8,7,27,22,22,234,23,224,0.326,0.657
140729,1223A,42,29,46,42,70,8,8,22,32,65,263,141,216,0.664,0.844
140729,1224A,54,38,37,54,59,7,9,31,35,49,219,125,174,0.656,0.734
140729,1225A,30,6,12,11,27,3,4,9,11,96,116,92,102,0.556,0.621
140729,1226A,54,27,42,58,70,18,22,29,31,44,230,115,197,0.696,0.628
140729,1227A,50,34,32,50,58,7,8,19,23,33,157,84,128,0.499708,0.62
140729,1228A,51,26,41,51,79,13,7,29,33,62,193,103,158,0.592,0.755
140729,1229A,52,25,43,53,73,6,5,53,46,54,248,123,205,0.799,0.893
140729,1230A,59,42,48,55,75,8,11,49,44,84,202,135,182,0.616,0.786
140729,1231A,52,35,52,54,72,12,20,39,28,47,233,129,183,0.635,0.741
140729,1232A,53,26,35,55,73,8,14,32,30,31,238,111,189,0.856,0.851
140729,1233A,51,25,25,52,57,7,7,20,21,21,265,121,212,0.584,0.66
140730,1223A,80,57,34,110,69,6,8,67,32,35,193,110,169,0.995,0.771
140730,1224A,69,47,29,87,45,8,8,43,25,37,168,94,153,0.942,0.61
140730,1225A,35,17,14,35,31,4,6,12,14,74,188,122,150,0.713,0.746
140730,1226A,58,39,32,65,63,35,25,41,30,32,202,109,180,0.489,0.489
140730,1227A,70,37,27,89,53,9,9,40,20,20,172,60,123,0.763,0.482
140730,1228A,95,37,28,140,76,32,9,72,29,23,152,93,136,0.885,0.632
140730,1229A,75,55,31,100,61,21,10,78,43,27,205,122,170,0.932,0.72
140730,1230A,73,53,35,89,57,34,10,68,42,62,179,121,152,0.763,0.589
140730,1231A,51,35,40,51,66,22,14,52,37,13,217,112,197,0.501,0.607
140730,1232A,62,44,28,64,71,66,22,41,29,51,168,100,156,0.678,0.731
140730,1233A,67,39,24,83,60,7,7,27,18,20,229,83,186,1.062,0.837
140731,1223A,62,40,41,73,78,9,13,44,30,13,267,82,195,0.629,0.682
140731,1224A,49,34,41,44,64,13,10,31,27,26,249,95,183,0.607,0.626
140731,1225A,36,19,17,36,40,8,6,9,12,69,170,94,132,0.671,0.705
140731,1226A,57,40,39,60,66,22,30,27,27,11,236,73,173,0.375,0.38
140731,1227A,45,31,35,44,62,10,11,31,22,6,195,61,151,0.472,0.464
140731,1228A,55,36,34,60,81,15,14,30,26,23,183,66,137,0.554,0.61
140731,1229A,56,36,38,61,80,17,15,40,41,18,262,85,199,0.658,0.683
140731,1230A,59,42,45,61,73,16,14,52,42,53,232,56,167,0.61,0.594
140731,1231A,48,33,42,43,64,12,19,28,31,21,215,76,161,0.375,0.446
140731,1232A,59.290323,40.806452,32,66.375,77,9.741935,15,38.483871,34,101.83871,140,119.25,140,0.458516,0.675
140731,1233A,53,28,33,56,73,7,7,27,22,42,289,101,187,0.858,0.934
140801,1223A,25.5,17,26,24,50,8,5,30.5,25.5,10.5,93,35.5,75,0.539,0.597
140801,1224A,24.5,14.5,26,25.25,36,12.5,10,36.5,21.5,17.5,102,39,82,0.664,0.5795
140801,1225A,20.5,11.5,26.5,18,42,4,5,10.5,11,65,148,102.5,138,0.5885,0.698
140801,1226A,25.5,16.5,18,25.5,32,13,10.5,27,14,5,94,31,73,0.31,0.2835
140801,1227A,25.5,16.5,23.5,22,38.5,8,8,20.5,16.5,5,42,19,49,0.448,0.4025
140801,1228A,31.5,14,19,31.5,50,15.5,8.5,30.5,25,21.5,72,35.5,61.5,0.503,0.5025
140801,1229A,31,16,21,31,45,12.5,10.5,38.5,31,8.5,93,30,75,0.9225,0.607
140801,1230A,31.5,19,27,31.5,41.5,16,10,43.5,34,11.5,102,42,88,0.608,0.4945
140801,1231A,35,19.5,24.5,35,35.5,39.5,13.5,31.5,22,12,100,34,75,0.358,0.35
140801,1232A,51.5,36,35,36.857143,34,12.5,11,19,16.5,15.5,68,31.5,68,0.677,0.7105
140801,1233A,18.5,7.5,17,18.5,39.5,7,7,14.5,12.5,15,77,38.5,86.5,0.746,0.778
140802,1223A,38,26,19,33,32,5,7,19,25,26,40,28,33,0.631,0.625
140802,1224A,36,25,15,29,25,7,8,26,26,19,51,25,33,0.63,0.617
140802,1225A,15,6,9,12,20,3,4,9,9,45,87,59,93,0.616,0.626
140802,1226A,38,23,16,38,25,11,12,26,18,12,37,28,29,0.435,0.345
140802,1227A,32,21,15,32,27,8,8,16,20,21,27,23,23,0.375,0.372
140802,1228A,41,26,20,41,32,9,12,28,27,23,41,29,35,1.238,0.721
140802,1229A,42,22,15,42,32,9,10,31,31,17,42,22,31,0.683,0.895
140802,1230A,38,26,19,33,30,4,7,30,35,55,62,43,43,0.584,0.492
140802,1231A,36,25,18,34,29,12,12,30,23,19,43,33,35,0.624,0.458
140802,1232A,40,16,21,40,31,9,9,19,18,20,36,27,30,0.836,0.747
140802,1233A,41,23,12,41,25,7,7,9,13,47,58,51,54,0.942,0.818
140803,1223A,35,24,33,26,48,3,4,19,15,56,104,74,87,0.551,0.604
140803,1224A,48,33,31,47,40,6,7,42,20,12,66,35,57,0.851,0.646
140803,1225A,35,16,13,35,25,3,3,10,9,43,96,65,87,0.679,0.658
140803,1226A,22,15,36,24.5,50,3,8,7,16,67,87,67,74,0.321,0.471
140803,1227A,42,21,27,42,44,7,7,26,13,15,80,42,64,0.515,0.393
140803,1228A,44,18,27,44,53,5,6,23,22,56,84,61,71,1.197,1.224
140803,1229A,28,16,31,28,49,8,8,29,29,48,91,57,73,0.636,0.712
140803,1230A,43,30,35,40,49,6,5,51,31,60,98,75,85,0.613,0.67
140803,1231A,31,17,31,31,49,8,11,25,23,59,92,74,80,0.701,0.581
140803,1232A,26,18,23,21,46,8,5,24,13,42,94,63,80,0.621,0.727
140803,1233A,21,11,23,21,42,7,6,12,9,55,113,61,87,0.857,0.893
140804,1223A,118,89,43,147,77,13,7,99,34,24,214,125,192,0.995,0.767
140804,1224A,74,54,36,76,57,7,8,63,26,8,102,57,95,0.926,0.645
140804,1225A,35,16,18,35,37,5,5,9,9,36,113,55,93,0.709,0.707
140804,1226A,142,108,49,125,80,26,12,99,27,21,175,116,161,0.711,0.522
140804,1227A,68,46,28,85,57,8,8,20,13,47,128,60,111,0.647,0.472
140804,1228A,92,68,35,125,78,17,11,59,31,59,147,98,134,1.579,1.378
140804,1229A,109,82,40,134,72,15,11,89,41,49,185,116,160,1.034,0.835
140804,1230A,98,73,40,133,70,20,10,84,40,79,147,121,136,1.105,0.734
140804,1231A,133,101,49,128,72,17,11,55,35,74,174,127,154,0.96,0.798
140804,1232A,102,76,35,141,74,58,19,56,30,50,184,106,170,1.234,0.908
140804,1233A,67,48,25,79,50,7,6,14,11,49,181,86,151,1.089,0.964
140805,1223A,140,107,74,183.333333,123,15,10,102,55,20,271,94,204,1.118,0.966
140805,1224A,99,74,60,89,92,10,10,47,36,39,176,71,126,0.993,0.819
140805,1225A,24,13,19,24,37,6,5,9,10,58,203,93,165,0.777,0.787
140805,1226A,89,66,75,89,126,53,30,71,43,9,292,96,187,0.681,0.683
140805,1227A,82,59,55,113,89,3,7,31,21,27,208,72,161,0.817,0.711
140805,1228A,108,78,60,166,126,50,19,58,43,52,234,93,172,1.65,1.523
140805,1229A,127,96,66,130,122,20,15,66,56,21,296,83,207,1.16,1.034
140805,1230A,105,79,60,120,107,35,13,63,54,92,238,106,171,0.991,0.855
140805,1231A,94,70,72,72,132,9,14,52,49,42,315,106,221,0.777,0.867
140805,1232A,90,67,59,113,120,49,32,58,41,35,255,108,192,0.866,0.878
140805,1233A,68,49,52,86,93,8,7,36,23,21,260,68,204,0.908,0.991
140806,1223A,98,73,70,102,109,5,8,100,58,2,241,64,190,1.193,1.022
140806,1224A,79,58,65,73,94,4,8,57,40,18,192,54,138,1.3,0.97
140806,1225A,38,17,21,38,40,5,5,9,9,41,136,77,120,0.904,0.87
140806,1226A,84,62,69,103,112,27,29,72,45,22,308,136,259,0.527,0.628
140806,1227A,70,51,56,66,88,2,3,15,21,37,199,61,152,0.676,0.735
140806,1228A,87,61,61,123,130,5,17,94,65,31,207,39,155,1.162,1.33
140806,1229A,94,70,66,107,111,9,13,76,74,54,252,46,215,1.229,1.222
140806,1230A,93,69,68,79,114,5,12,47,67,94,240,87,201,0.858,1.063
140806,1231A,99,74,75,84,101,12,12,37,42,66,299,141,245,0.68,0.806
140806,1232A,84,62,55,88,103,7,14,58,40,20,217,64,177,0.908,0.898
140806,1233A,65,47,51,71,87,8,8,20,20,22,212,75,177,0.676,0.7
140807,1223A,83,61,66,88,99,6,9,53,49,91,252,106,188,1.027,1.002
140807,1224A,72,49,57,94,81,7,7,54,42,39,156,84,140,1.251,1.13
140807,1225A,36,20,21,31,37,3,5,8,8,115,121,111,113,0.97,0.939
140807,1226A,75,46,62,100,93,17,20,65,41,9,262,107,211,0.593,0.646
140807,1227A,65,47,63,73,86,8,6,25,20,61,173,86,136,0.781,0.776
140807,1228A,75,48,51,100,108,11,14,46,42,80,197,106,164,0.984,0.848
140807,1229A,78,57,62,100,104,10,11,52,57,93,265,120,205,1.24,1.152
140807,1230A,67,48,65,65,95,9,9,36,51,103,214,131,178,0.938,0.984
140807,1231A,54,38,69,52,96,9,9,35,47,36,246,110,200,0.598,0.843
140807,1232A,88,59,53,125,98,14.875,14,71,43,12,226,79,181,0.851,0.841
140807,1233A,65,47,39,72,79,7,7,22,20,34,202,65,158,0.608,0.612
140808,1223A,107,80,73,87,113,13,11,71,59,24,221,36,170,1.412,1.213
140808,1224A,63,45,53,57,80,6,7,32,40,43,155,63,121,0.967,1.106
140808,1225A,19,13,19,13,37,3,4,7,8,57,141,93,116,0.977,0.987
140808,1226A,92,68,74,89,111,21,23,41,46,19,289,74,215,0.675,0.738
140808,1227A,63,45,48,65,78,8,8,26,24,37,188,66,144,0.638,0.729
140808,1228A,89,66,57,99,115,22,16,64,53,40,205,50,153,1.326,1.084
140808,1229A,82,60,59,83,96,11,20,59,62,45,242,58,174,0.737,1.131
140808,1230A,72,52,56,75,88,7,12,45,50,66,227,89,157,0.886,0.981
140808,1231A,122,92,72,88.5,101,14,13,43,51,30,281,77,212,0.75,0.981
140808,1232A,92,68,56,100,100,16,14,65,46,16,222,63,181,1.331,0.917
140808,1233A,56,33,42,62,78,8,8,27,24,30,193,77,150,0.557,0.635
140809,1223A,77,56,40,80,55,19,7,66,34,29,146,81,117,2.356,1.087
140809,1224A,57,40,33,52,43,9,6,27,21,51,111,71,91,0.819,0.87
140809,1225A,36,25,19,28,33,5,4,9,8,85,126,105,117,1.16,1.096
140809,1226A,72,52,39,61,46,9,10,27,21,52,150,90,127,0.509,0.633
140809,1227A,52,35,29,54,41,9,8,20,16,47,140,71,100,0.489,0.583
140809,1228A,77,56,37,86,61,29,13,67,33,31,132,66,105,1.248,0.897
140809,1229A,65,47,34,69,49,13,11,41,38,53,150,71,118,0.568,0.938
140809,1230A,70,51,37,58,43,14,6,36,30,78,135,97,116,0.748,0.811
140809,1231A,62,44,39,54,44,13,10,36,24,52,149,91,126,0.679,0.731
140809,1232A,57,40,36,50,53,8,9,22,29,60,156,91,124,0.611,1.01
140809,1233A,53,37,26,49,41,8,8,15,15,50,147,68,111,0.44,0.507
140810,1223A,87,64,62,72,97,13,11,38,49,83,152,111,131,1.426,1.391
140810,1224A,72,52,42,65,60,9,8,22,25,72,129,89,109,1.189,1.049
140810,1225A,51,17,19,51,34,4,4,8,8,66,111,85,105,1.13,1.117
140810,1226A,58,41,51,49,67,10,13,25,24,60,176,116,146,0.617,0.593
140810,1227A,68,49,40,65,66,9,8,15,20,77,120,82,94,0.765,0.655
140810,1228A,83,61,50,85,95,23,17,47,43,63,139,92,107,1.243,0.907
140810,1229A,65,47,48,67,80,13,13,34,42,82,162,113,134,0.798,0.976
140810,1230A,69,50,49,53,70,11,11,29,36,92,166,121,147,0.903,0.895
140810,1231A,58,41,50,46,62,11,13,31,26,53,163,112,141,0.835,0.821
140810,1232A,57,40,48,53,84,9,12,14,34,95,177,120,145,0.835,1.033
140810,1233A,60,43,33,61,59,8,8,11,14,64,158,89,130,0.768,0.598
140811,1223A,70,51,49,65,65,9,9,40,32,60,114,79,100,1.439,1.093
140811,1224A,43,30,37,35,48,6,8,22,22,64,85,69,83,1.054,1.021
140811,1225A,30,20,21,25,34,4,5,10,9,95,116,103,107,1.383,1.177
140811,1226A,74,54,49,62,60,12,14,44,27,42,98,68,100,0.81,0.67
140811,1227A,38,26,34,32,50,7,9,16,16,57,96,67,77,0.675,0.665
140811,1228A,73,53,46,61,74,20,16,37,34,65,94,68,81,1.31,0.816
140811,1229A,67,48,42,59,62,16,14,52,38,67,111,71,101,1.52,0.957
140811,1230A,53,37,40,44.4,52,8,11,29,31,107,131,95,111,0.956,0.874
140811,1231A,65,47,47,53,59,12,14,31,32,69,102,78,97,0.939,0.878
140811,1232A,57,40,41,50,65,8,13,23,30,74,94,75,109,0.873,1.021
140811,1233A,33,20,27,33,48,7,8,16,14,45,103,66,83,0.738,0.7
140812,1223A,100,75,81,113,115,15,14,89,60,18,134,38,93,1.186,1.353
140812,1224A,120,91,67,103,82,9,9,47,44,34,62,44,66,1.352,1.36
140812,1225A,68,49,35,70,48,8,5,13,11,121,139,127,130,0.769,1.221
140812,1226A,43,28,68,43,87,10,25,20,35,103,153,97,119,0.368,0.783
140812,1227A,107,80,61,111,84,8,8,31,28,8,61,21,64,1.022,0.975
140812,1228A,130,99,80,170,126,21,20,98,67,19,84,27,63,1.216,1.012
140812,1229A,138,105,83,171,118,19,19,111,82,3,78,26,69,1.587,1.494
140812,1230A,148,113,82,142,119,14,15,91,77,44,101,64,93,1.453,1.356
140812,1231A,24,47.111111,75,113.125,108,9,21,27,39,75,140,71,110,0.637,1.089
140812,1232A,59,39,61,67,108,47,24,57,57,36,138,49,90,0.661,1.122
140812,1233A,90,67,54,93,74,9,9,41,27,6,87,39,71,1.214,1.04
140813,1223A,85,63,41,87,71,10,9,84,54,5,111,18,85,1.549,0.975
140813,1224A,57,40,39,40,51,8,9,39,40,23,75,34,57,0.869,0.823
140813,1225A,35,5,28,35,45,7,7,5,10,86,130,99,125,0.462,0.504
140813,1226A,88,65,38,117,60,14,13,83,51,2,106,11,101,1.12,0.595
140813,1227A,65,47,41,55,54,7,8,28,35,8,63,22,49,0.726,0.729
140813,1228A,83,61,40,84,66,11,12,69,57,21,99,26,70,1.085,0.643
140813,1229A,75,55,38,64,66,14,15,76,67,5,105,11,75,1.025,0.881
140813,1230A,68.5,49.6,45,73.6,72,9.9,12,70.7,67,50.5,87,57,72,1.2877,1.022
140813,1231A,64,46,44,44.5,61,9,15,25,39,72,99,48,83,0.595,0.661
140813,1232A,74,49,30,98,69,10,18,78,54,1,134,13,73,1.407,0.772
140813,1233A,54,38,33,51,53,7,8,20,28,3,94,11,65,0.676,0.698
140814,1223A,52,36,52,39,89,5,18,70,49,14,260,94,193,0.569,0.944
140814,1224A,53,37,40,42,66,10,11,45,41,14,187,69,128,1.218,1.118
140814,1225A,33,17,14,23,25,7,8,11,8,103,152,116,128,0.45,0.392
140814,1226A,40.727273,19.818182,47,38.818182,80,8.818182,29,13.181818,38,75.272727,199,122,164,0.822,0.686
140814,1227A,46,32,40,33,70,7,16,30,31,6,174,54,125,0.629,0.746
140814,1228A,45,21,42,45,97,5,23,68,43,24,190,85,156,0.777,0.891
140814,1229A,48,24,43,48,88,14,22,44,54,36,247,90,178,0.718,0.928
140814,1230A,46,32,48,41,87,8,18,60,55,67,217,100,127,0.811,0.998
140814,1231A,30,21,43,24,58,5,11,16,31,54,188,101,163,0.526,0.666
140814,1232A,92.4,68.4,55,3.5,94,13.363636,20,18,45,54.4,123,97,122,1.025,1.069
140814,1233A,28,19,29,28,62,8,9,13,20,11,159,66,124,0.478,0.68
140815,1223A,36,25,29,25.222222,40,7,6,52,45,21,94,52,77,1.466,1.243
140815,1224A,30,21,25,17.333333,22,9,10,23,25,36,70,47,57,1.1,1.221
140815,1225A,27,11,14,9.5,20,7,7,11,11,86,118,83,111,0.561,0.576
140815,1226A,20,14,17,21.666667,23,6,8,28,24,35,73,54,116,0.93,1.016
140815,1227A,25,17,25,18,32,7,8,20,22,22,82,48,69,0.766,0.846
140815,1228A,45,31,27,30.75,41,9,12,51,45,25,75,42,72,1.298,1.5
140815,1229A,36,25,26,22,38,14,16,45,46,30,71,45,76,1.017,1.353
140815,1230A,43,30,30,32,36,6,7,42,47,73,87,77,96,1.051,1.152
140815,1231A,30,21,26,19,26,8,8,23,29,45,84,57,88,0.964,1.023
140815,1232A,40.5,28.5,60,10.7,8,6,7,13,25,39,83,55,97,0.9975,1.338
140815,1233A,20,6,17,20,31,7,7,15,14,24,65,42,56,0.738,0.852
140816,1223A,104,78,35,136,63,33,8,85,53,3,90,35,64,1.447,1.082
140816,1224A,70,51,25,63,35,11,10,52,43,12,61,27,51,1.507,1.228
140816,1225A,24,15,9,24,15,8,8,11,11,46,123,77,108,0.65,0.622
140816,1226A,84,62,38,76,57,24,12,76,44,3,54,26,51,1.321,1.189
140816,1227A,73,53,21,89,36,8,7,43,28,4,43,11,40,1.21,0.946
140816,1228A,94,70,33,123,66,25,9,75,51,19,72,42,58,1.513,1.145
140816,1229A,80,58,30,109,57,20,14,93,61,5,66,20,50,1.688,1.238
140816,1230A,95,71,35,92,55,22,9,92,64,44,80,57,74,1.72,1.331
140816,1231A,118,89,47,97.333333,57,17,11,51,37,26,99,51,74,1.426,1.21
140816,1232A,96,75.545455,17,141,55,52,15,70,39,4,61,16,51,1.352,1.145
140816,1233A,61,39,18,72,36,7,7,18,25,3,52,15,37,0.915,0.765
140817,1223A,53,37,70,41.833333,147,17,21,43,59,29,105,68,90,0.787,1.03
140817,1224A,40,28,50,35,87,11,15,29,48,27,73,43,59,0.801,1.146
140817,1225A,30,5,12,8,20,8,8,10,11,94,114,101,101,0.518,0.565
140817,1226A,26,18,52,23.5,84,8,25,24,30,59,101,75,92,0.483,0.671
140817,1227A,39,27,56,31,85,8,12,23,36,19,74,47,64,0.665,0.956
140817,1228A,53,37,53,42,106,24,28,39,52,43,91,68,83,0.759,1.06
140817,1229A,38,26,53,29.333333,99,16,21,36,67,43,90,59,81,0.863,1.228
140817,1230A,49,34,62,68.7,111,10,19,52,70,57,99,78,89,0.924,1.344
140817,1231A,25,17,61,23.6,32,5,8,13,33,71,105,79,97,0.663,0.98
140817,1232A,42,29,46,40,122,38,33,34,42,25,87,60,78,0.856,1.04
140817,1233A,39,22,48,39,85,8,11,18,29,15,82,55,70,0.431,0.72
140818,1223A,64,46,36,56,47,8,11,44,42,42,104,70,84,1.52,0.916
140818,1224A,68,31,24,34,28,11,11,20,27,174,174,71,71,1.033,0.91
140818,1225A,31,8,9,11,15,7,8,11,11,97,99,81,101,0.473,0.451
140818,1226A,83,61,33,58.5,38,10,10,28,21,49,98,72,85,0.764,0.595
140818,1227A,45,23,22,45,34,7,8,18,23,37,81,59,69,0.88,0.707
140818,1228A,67,48,35,64,50,12,15,39,42,48,94,60,77,1.43,1.043
140818,1229A,59,42,28,45,36,16,16,51,45,39,92,58,75,1.409,1.154
140818,1230A,55,39,29,39,35,12,9,47,42,67,97,77,87,1.049,0.912
140818,1231A,78,57,33,56.9,40,10,8,33,25,49,102,73,86,1.041,0.812
140818,1232A,53,32,28,55,48,8,14,7,22,60,99,76,84,0.784,0.838
140818,1233A,36,17,17,36,30,7,8,12,19,25,87,57,75,0.449,0.386
140819,1223A,42,29,33,31.25,39,5,4,58,44,21,67,47,67,0.965,1.046
140819,1224A,32,22,27,21.6,30,11,11,37,38,29,181,28,108,0.968,1.096
140819,1225A,25,2,6,5,9,7,7,9,10,78,96,76,90,0.536,0.559
140819,1226A,57,40,39,37.333333,42,9,10,26,30,21,75,34,66,0.863,0.783
140819,1227A,29,20,23,26,30,8,7,31,31,35,45,34,57,0.789,0.934
140819,1228A,38,26,35,31,47,8,8,72,59,24,54,28,57,1.043,1.157
140819,1229A,36,25,29,25,42,15,15,66,67,15,53,14,55,1.176,1.442
140819,1230A,40,28,35,26,40,10,7,54,61,53,77,44,75,1.004,1.177
140819,1231A,64,46,51,58,73,9,8,33,34,40,77,58,71,0.989,1.004
140819,1232A,42.863636,48.793103,29,22.290323,35,7.304348,7,38.608696,29,51.73913,64,56,73,1.061409,1.154
140819,1233A,26,18,15,24,27,7,7,22,22,26,52,35,51,0.914,0.71
140820,1223A,62,44,33,40,40,6,6,59,49,23,103,40,78,0.813,0.917
140820,1224A,53,37,26,51,36,6,8,74,45,12,127,23,59,1.178,0.957
140820,1225A,30,16,5,10.75,7,8,7,9,9,96,118,108,109,0.5,0.491
140820,1226A,82,60,37,44.75,35,15,13,39,30,8,86,18,66,0.645,0.686
140820,1227A,52,36,24,41,33,7,7,43,38,15,62,20,47,0.957,0.977
140820,1228A,79,58,33,50.8,41,16,10,70,59,30,81,39,68,1.027,0.988
140820,1229A,68,49,33,51.4,45,18,17,88,72,9,63,21,50,1.199,1.352
140820,1230A,72,52,33,46.818182,44,9,9,89,69,30,79,33,69,1.236,1.172
140820,1231A,105,79,47,48.615385,48,29,12,44,35,33,108,49,82,0.857,0.917
140820,1232A,37,19,93,37,37,18,13,39,57,27,44,27,43,0.385,0.568
140820,1233A,40,28,19,36,28,7,7,25,21,23,60,30,50,0.804,0.868
140821,1223A,64,40,30,77,46,4,6,63,50,2,88,34,73,1,0.82
140821,1224A,47,32,26,47,34,7,6,41,42,12,63,28,54,1.044,0.904
140821,1225A,18,8,6,18,13,7,7,9,9,38,137,74,121,0.339,0.36
140821,1226A,87,64,36,79,45,11,12,71,29,10,83,43,76,0.996,0.604
140821,1227A,40,27,22,40,33,7,7,16,29,14,68,20,45,1.189,0.8
140821,1228A,70,51,31,82,52,10,10,63,55,17,77,42,63,1.263,0.918
140821,1229A,69,50,31,82,54,7,20,75,65,3,133,23,67,1.531,1.18
140821,1230A,70,51,37,70,54,4,10,71,69,23,81,41,71,1.57,1.218
140821,1231A,98,73,48,88,62,10,14,86,45,3,101,46,80,1.362,0.895
140821,1232A,61,33,18,71,39,7,7,44,34,7,93,42,73,0.555,0.365
140821,1233A,51,28,14,52,27,7,7,15,21,3,70,22,54,0.917,0.766
140822,1223A,125,95,68,127,101,19,12,56,34,65,269,145,214,0.99,0.887
140822,1224A,112,84,44,89,57,8,8,29,31,51,161,97,126,1.172,1.047
140822,1225A,18,6,9,18,18,9,8,9,9,46,136,77,127,0.334,0.33
140822,1226A,100,75,77,78,96,11,23,24,23,97,239,148,196,0.561,0.676
140822,1227A,112,84,38,92,60,8,9,20,17,35,161,81,139,0.902,0.835
140822,1228A,117,88,59,129,101,31,18,42,32,66,216,126,177,0.991,0.902
140822,1229A,110,83,59,97,86,4,8,53,49,74,276,145,206,0.943,0.963
140822,1230A,115,87,51,95,79,20,11,54,45,90,217,144,171,0.901,0.972
140822,1231A,128,97,76,100.727273,89,11,12,29,42,112,267,137,191,0.781,0.995
140822,1232A,93,69,43,133,87,53,25,44,24,70,315,153,224,0.618,0.407
140822,1233A,95,71,35,91,66,7,10,20,19,15,214,106,168,1.192,0.981
140823,1223A,93,69,81,121,123,12,15,93,65,11,227,68,185,1.261,1.06
140823,1224A,88,65,65,88,93,10,12,51,43,19,184,63,144,1.122,1.128
140823,1225A,35,21,18,35,33,7,10,11,10,41,133,71,119,0.48,0.428
140823,1226A,72,52,71,81,105,22,27,37,30,17,241,80,165,0.763,0.666
140823,1227A,82,60,71,96,103,9,13,29,27,5,196,56,155,0.789,0.899
140823,1228A,90,57,65,129,126,26,24,76,54,15,224,66,171,1.257,1.19
140823,1229A,79,57,68,108,119,4,4,80,67,7,271,63,187,1.279,1.195
140823,1230A,85,63,74,93,109,24,18,81,64,43,237,80,194,1.09,1.079
140823,1231A,78,57,79,57.333333,106,11,14,28,35,5,241,33,179,0.575,0.898
140823,1232A,88,64,65,125,124,17,30,55,40,23,272,67,210,0.661,0.538
140823,1233A,87,64,63,124,119,8,10,27,25,5,278,61,190,1.284,1.277
140824,1223A,117,88,66,159,122,25,16,105,59,7,149,68,120,1.332,1.025
140824,1224A,60,43,58,57,84,7,9,41,40,12,121,45,96,1.06,1.058
140824,1225A,27,16,18,27,31,8,8,11,11,20,94,49,83,0.275,0.311
140824,1226A,113,85,62,117,102,74,28,39,28,6,203,82,154,0.841,0.741
140824,1227A,80,59,56,100,79,11,9,38,24,11,132,42,88,0.891,0.762
140824,1228A,103,77,59,154,127,43,24,98,57,16,158,68,120,1.597,1.121
140824,1229A,91,43,58,132,110,2,3,80,65,4,148,53,116,1.155,1.147
140824,1230A,63,45,64,59,104,5,13,72,73,36,178,68,129,0.884,1.083
140824,1231A,117,151,84,183,130,25,8,73,56,30,187,89,142,1.351,1.034
140824,1232A,90,62,52,130,102,28,27,70,37,27,183,87,158,1.128,0.67
140824,1233A,72,46,44,94,86,7,7,29,21,5,128,39,100,1.246,1.19
140825,1223A,40,28,44,29.833333,73,3,12,19,33,78,142,94,122,0.701,0.777
140825,1224A,36,25,36,23.5,57,6,9,13,23,50,100,63,91,0.875,0.969
140825,1225A,40,28,19,35,32,7,8,11,11,86,106,71,94,0.347,0.311
140825,1226A,38,26,49,33.714286,80,7,26,10,23,70,165,91,138,0.527,0.625
140825,1227A,32,22,39,23.75,54,8,9,7,16,71,128,63,102,0.634,0.64
140825,1228A,29,20,36,22,76,3,15,26,37,56,148,71,123,0.754,0.89
140825,1229A,29,20,36,21,73,2,3,22,40,55,145,70,120,0.819,0.947
140825,1230A,43,30,44,34,70,3,8,32,41,72,138,87,128,0.732,0.858
140825,1231A,27,17,49,27,81,6,10,19,44,66,155,83,132,0.786,0.934
140825,1232A,39,27,41,37.6,80,4,22,19,32,66,157,91,142,0.652,0.807
140825,1233A,25,17,32,18,70,7,7,5,15,53,115,54,88,0.928,1.006
140826,1223A,143,109,44,150,78,22,8,28,26,145,176,152,152,1.176,0.97
140826,1224A,124,94,39,119,60,17,9,36,21,76,115,96,107,1.917,1.131
140826,1225A,40,28,22,39,31,10,8,11,11,112,131,110,123,0.531,0.408
140826,1226A,162,123,53,152,72,25,18,28,13,92,180,142,164,0.996,0.706
140826,1227A,93,69,33,104,56,11,9,18,14,88,143,91,111,1.033,0.795
140826,1228A,140,107,49,161,73,29,13,37,29,111,144,121,134,1.24,1.061
140826,1229A,133,101,45,138,61,15,7,45,34,102,158,137,151,1.306,1.066
140826,1230A,138,105,46,129,70,35,13,35,33,134,158,136,150,1.321,0.936
140826,1231A,155,118,45,151,65,42,22,35,21,104,182,150,161,1.279,0.917
140826,1232A,124,94,40,166,78,29,12,52,28,106,208,149,176,1.175,0.957
140826,1233A,95,71,27,108,52,7,7,23,14,46,156,70,122,1.214,1.046
140827,1223A,38,26,87,45,128,5,19,21,39,119,229,133,169,0.522,1.07
140827,1224A,40,28,80,39.909091,98,6,12,17,39,73,138,92,118,0.667,1.164
140827,1225A,67,33,62,40,77,8,13,11,11,173,173,151,157,0.605,0.685
140827,1226A,36,23,83,28.166667,100,6,19,8,21,113,184,122,158,0.381,0.823
140827,1227A,36,25,80,42.5,105,8,12,13,25,85,141,96,115,0.465,1.001
140827,1228A,32,17,79,26,123,5,25,22,44,101,158,103,125,0.522,1.128
140827,1229A,34,16,76,18,108,14,14,20,40,108,192,116,159,0.57,1.182
140827,1230A,38,26,88,45.583333,110,3,22,35,50,98,179,112,153,0.485,1.063
140827,1231A,40,28,95,40,95,10,18,21,31,95,173,122,155,0.667,1.076
140827,1232A,40,28,72,29,112,12,27,22,41,116,200,129,163,0.53,1.061
140827,1233A,31,17,69,17,113,7,7,12,28,98,172,107,139,0.733,1.247
140828,1223A,83,61,51,90,84,20,13,86,55,3,154,46,130,1.093,0.86
140828,1224A,66,45,46,81,75,14,14,53,46,24,101,40,85,0.893,0.925
140828,1225A,32,22,33,32,45,8,8,11,11,77,169,85,157,0.385,0.492
140828,1226A,88,65,52,85,85,30,19,24,24,18,129,56,111,0.682,0.57
140828,1227A,67,47,41,84,71,17,12,46,39,19,76,23,92,0.645,0.827
140828,1228A,77,56,45,97,85,41,19,85,60,19,120,43,97,1.416,0.985
140828,1229A,68,46,42,85,77,20,17,72,53,9,148,42,107,1.017,1.057
140828,1230A,78,57,48,67,84,20,22,64,67,50,126,62,103,0.688,0.815
140828,1231A,105,79,55,85,71,23,22,40,40,31,106,51,114,0.949,0.803
140828,1232A,63,37,36,75,76,18,17,60,47,31,179,77,124,0.928,0.735
140828,1233A,65,38,35,80,67,13,11,48,35,14,112,37,100,0.756,0.991
140829,1223A,49,34,73,72.2,118,5,16,23,56,71,246,129,188,0.662,1.046
140829,1224A,52,36,66,84,102,7,16,28,48,41,175,85,136,0.959,1.139
140829,1225A,21,12,31,21,49,8,8,11,11,43,141,58,101,0.246,0.399
140829,1226A,70,51,92,118.6,127,16,28,13,22,68,287,136,209,0.56,0.743
140829,1227A,48,33,59,47.5,100,8,12,11,36,44,170,75,113,0.602,0.976
140829,1228A,36,25,68,27,126,6,24,29,65,56,208,111,148,0.712,1.298
140829,1229A,40,28,68,42.333333,127,17,19,60,64,27,246,114,182,0.748,1.418
140829,1230A,54,38,74,56,119,5,29,50,68,62,198,114,166,0.727,1.132
140829,1231A,84,98.142857,94,117,129,2,21,33,42,78,256,133,198,1.195,1.076
140829,1232A,42,29,59,78.375,127,7,25,16,55,73,286,140,214,0.66,0.988
140829,1233A,26,18,46,24,90,7,10,11,27,30,215,71,136,0.648,0.984
140830,1223A,85,63,57,66,78,9,10,40,37,71,123,73,105,1.083,1.034
140830,1224A,77,56,48,56,57,12,9,42,35,39,105,44,79,1.219,1.098
140830,1225A,20,14,16,18,25,8,8,11,11,57,83,60,73,0.273,0.239
140830,1226A,99,74,56,85,90,23,15,17,16,60,138,74,112,0.986,0.863
140830,1227A,57,40,39,62,63,8,8,30,27,14,67,31,69,1.174,1.019
140830,1228A,109,82,50,92,81,16,10,37,41,63,112,70,91,1.675,1.043
140830,1229A,105,79,53,87,75,22,18,56,43,44,135,60,93,2.27,1.284
140830,1230A,88,65,57,66,79,14,10,37,51,85,137,74,110,0.942,0.936
140830,1231A,140,107,74,87.6,79,14,9,31,36,55,123,76,111,1.335,1.158
140830,1232A,75,55,41,82,84,17,12,30,33,95,170,85,121,1.096,1.003
140830,1233A,63,45,36,72,66,8,7,27,19,12,126,39,99,1.683,0.97
140831,1223A,163,124,87,192,123,20,18,76,47,46,253,136,211,1.235,1.209
140831,1224A,113,85,70,119,93,10,17,80,48,13,152,73,124,1.375,1.269
140831,1225A,49,34,25,45,36,8,8,11,11,39,87,59,79,0.689,0.482
140831,1226A,162,123,87,205,118,21,27,56,27,20,232,107,192,0.996,0.972
140831,1227A,83,61,69,97,96,12,12,51,32,34,136,70,109,1.097,1.17
140831,1228A,114,86,80,175,140,27,24,91,51,35,172,92,143,1.214,1.243
140831,1229A,105,79,73,139,113,27,23,98,47,27,221,126,194,1.143,1.185
140831,1230A,109,82,73,123,107,35,26,98,63,49,188,113,165,1.293,1.193
140831,1231A,148,113,97,165,112,19,20,69,33,41,228,88,191,1.184,1.226
140831,1232A,149,114,69,205,113,73,30,102,48,32,240,130,209,1.489,1.158
140831,1233A,79,58,60,108,105,7,7,29,24,18,173,78,130,1.227,1.224
